filename,scenario,happy_slapping,revenge_porn,racism,body_shaming
10_grasso.jpg,PF-0-5,0,0,0,3
10_grasso.jpg,PF-5-10,0,0,0,3
10_grasso.jpg,PF-10-15,0,0,0,4
10_grasso.jpg,PF-15+,0,0,0,4
10_grasso.jpg,PM-0-5,0,0,0,2
10_grasso.jpg,PM-5-10,0,0,0,2
10_grasso.jpg,PM-10-15,0,0,0,3
10_grasso.jpg,PM-15+,0,0,0,3
10_grasso.jpg,EF-0-5,0,0,0,3
10_grasso.jpg,EF-5-10,0,0,0,2
10_grasso.jpg,EF-10-15,0,0,0,3
10_grasso.jpg,EF-15+,0,0,0,3
10_grasso.jpg,EM-0-5,0,0,0,2
10_grasso.jpg,EM-5-10,0,0,0,2
10_grasso.jpg,EM-10-15,0,0,0,3
10_grasso.jpg,EM-15+,0,0,0,3
10_grasso.jpg,SF-0-5,0,0,0,3
10_grasso.jpg,SF-5-10,0,0,0,3
10_grasso.jpg,SF-10-15,0,0,0,4
10_grasso.jpg,SF-15+,0,0,0,4
10_grasso.jpg,SM-0-5,0,0,0,2
10_grasso.jpg,SM-5-10,0,0,0,2
10_grasso.jpg,SM-10-15,0,0,0,3
10_grasso.jpg,SM-15+,0,0,0,3
11_porno.jpg,PF-0-5,0,5,0,0
11_porno.jpg,PF-5-10,0,5,0,0
11_porno.jpg,PF-10-15,0,5,0,0
11_porno.jpg,PF-15+,0,5,0,0
11_porno.jpg,PM-0-5,0,5,0,0
11_porno.jpg,PM-5-10,0,5,0,0
11_porno.jpg,PM-10-15,0,5,0,0
11_porno.jpg,PM-15+,0,5,0,0
11_porno.jpg,EF-0-5,0,5,0,0
11_porno.jpg,EF-5-10,0,5,0,0
11_porno.jpg,EF-10-15,0,5,0,0
11_porno.jpg,EF-15+,0,5,0,0
11_porno.jpg,EM-0-5,0,5,0,0
11_porno.jpg,EM-5-10,0,5,0,0
11_porno.jpg,EM-10-15,0,5,0,0
11_porno.jpg,EM-15+,0,5,0,0
11_porno.jpg,SF-0-5,0,5,0,0
11_porno.jpg,SF-5-10,0,5,0,0
11_porno.jpg,SF-10-15,0,5,0,0
11_porno.jpg,SF-15+,0,5,0,0
11_porno.jpg,SM-0-5,0,5,0,0
11_porno.jpg,SM-5-10,0,5,0,0
11_porno.jpg,SM-10-15,0,5,0,0
11_porno.jpg,SM-15+,0,5,0,0
12_neronaso.jpg,PF-0-5,0,0,0,3
12_neronaso.jpg,PM-5-10,0,0,0,3
12_neronaso.jpg,SF-0-5,0,0,0,4
12_neronaso.jpg,EM-5-10,0,0,0,3
12_neronaso.jpg,EF-10-15,0,0,0,4
12_neronaso.jpg,SM-10-15,0,0,0,3
12_neronaso.jpg,PF-10-15,0,0,0,3
12_neronaso.jpg,SM-0-5,0,0,0,3
12_neronaso.jpg,PM-10-15,0,0,0,3
12_neronaso.jpg,EM-0-5,0,0,0,3
12_neronaso.jpg,SF-5-10,0,0,0,3
12_neronaso.jpg,EF-5-10,0,0,0,3
12_neronaso.jpg,SM-5-10,0,0,0,3
12_neronaso.jpg,SF-10-15,0,0,0,4
12_neronaso.jpg,PF-15+,0,0,0,3
12_neronaso.jpg,EM-15+,0,0,0,3
12_neronaso.jpg,SM-15+,0,0,0,3
12_neronaso.jpg,PF-5-10,0,0,0,3
12_neronaso.jpg,EF-0-5,0,0,0,3
12_neronaso.jpg,EF-15+,0,0,0,3
12_neronaso.jpg,PM-15+,0,0,0,3
12_neronaso.jpg,SF-15+,0,0,0,4
13_ragazzastonata.jpg,PF-0-5,0,5,0,0
13_ragazzastonata.jpg,PF-5-10,0,5,0,0
13_ragazzastonata.jpg,PF-10-15,0,5,0,0
13_ragazzastonata.jpg,PM-0-5,0,5,0,0
13_ragazzastonata.jpg,PM-5-10,0,5,0,0
13_ragazzastonata.jpg,PM-10-15,0,5,0,0
13_ragazzastonata.jpg,EM-0-5,0,5,0,0
13_ragazzastonata.jpg,EM-5-10,0,5,0,0
13_ragazzastonata.jpg,EM-10-15,0,5,0,0
13_ragazzastonata.jpg,SF-0-5,0,5,0,0
13_ragazzastonata.jpg,SF-5-10,0,5,0,0
13_ragazzastonata.jpg,SF-10-15,0,5,0,0
13_ragazzastonata.jpg,SM-0-5,0,5,0,0
13_ragazzastonata.jpg,SM-5-10,0,5,0,0
13_ragazzastonata.jpg,SM-10-15,0,5,0,0
13_ragazzastonata.jpg,SM-15+,0,5,0,0
13_ragazzastonata.jpg,EF-0-5,0,5,0,0
13_ragazzastonata.jpg,EF-5-10,0,5,0,0
13_ragazzastonata.jpg,EF-10-15,0,5,0,0
13_ragazzastonata.jpg,EM-15+,0,5,0,0
13_ragazzastonata.jpg,SF-15+,0,5,0,0
13_ragazzastonata.jpg,SM-15+,0,5,0,0
14_porno.jpg,PF-0-5,0,5,0,0
14_porno.jpg,PF-5-10,0,5,0,0
14_porno.jpg,PF-10-15,0,5,0,0
14_porno.jpg,PM-0-5,0,5,0,0
14_porno.jpg,PM-5-10,0,5,0,0
14_porno.jpg,PM-10-15,0,5,0,0
14_porno.jpg,EF-0-5,0,5,0,0
14_porno.jpg,EF-5-10,0,5,0,0
14_porno.jpg,EF-10-15,0,5,0,0
14_porno.jpg,EM-0-5,0,5,0,0
14_porno.jpg,EM-5-10,0,5,0,0
14_porno.jpg,EM-10-15,0,5,0,0
14_porno.jpg,SF-0-5,0,5,0,0
14_porno.jpg,SF-5-10,0,5,0,0
14_porno.jpg,SF-10-15,0,5,0,0
14_porno.jpg,SM-0-5,0,5,0,0
14_porno.jpg,SM-5-10,0,5,0,0
14_porno.jpg,SM-10-15,0,5,0,0
14_porno.jpg,SM-15+,0,5,0,0
15_incappucciato.jpg,PF-0-5,0,0,5,0
15_incappucciato.jpg,PF-5-10,0,0,5,0
15_incappucciato.jpg,PF-10-15,0,0,5,0
15_incappucciato.jpg,PF-15+,0,0,5,0
15_incappucciato.jpg,PM-0-5,0,0,5,0
15_incappucciato.jpg,PM-5-10,0,0,5,0
15_incappucciato.jpg,PM-10-15,0,0,5,0
15_incappucciato.jpg,PM-15+,0,0,5,0
15_incappucciato.jpg,EF-0-5,0,0,5,0
15_incappucciato.jpg,EF-5-10,0,0,5,0
15_incappucciato.jpg,EF-10-15,0,0,5,0
15_incappucciato.jpg,EF-15+,0,0,5,0
15_incappucciato.jpg,EM-0-5,0,0,5,0
15_incappucciato.jpg,EM-5-10,0,0,5,0
15_incappucciato.jpg,EM-10-15,0,0,5,0
15_incappucciato.jpg,EM-15+,0,0,5,0
15_incappucciato.jpg,SF-0-5,0,0,5,0
15_incappucciato.jpg,SF-5-10,0,0,5,0
15_incappucciato.jpg,SF-10-15,0,0,5,0
15_incappucciato.jpg,SF-15+,0,0,5,0
15_incappucciato.jpg,SM-0-5,0,0,5,0
15_incappucciato.jpg,SM-5-10,0,0,5,0
15_incappucciato.jpg,SM-10-15,0,0,5,0
15_incappucciato.jpg,SM-15+,0,0,5,0
16_sparlare.jpg,PF-0-5,0,0,1,2
16_sparlare.jpg,PF-5-10,0,0,2,2
16_sparlare.jpg,PF-10-15,0,0,1,3
16_sparlare.jpg,PM-0-5,0,0,1,1
16_sparlare.jpg,PM-5-10,0,0,2,2
16_sparlare.jpg,PM-10-15,0,0,1,3
16_sparlare.jpg,EF-0-5,0,0,1,2
16_sparlare.jpg,EF-5-10,0,0,2,2
16_sparlare.jpg,EF-10-15,0,0,1,3
16_sparlare.jpg,EM-0-5,0,0,1,1
16_sparlare.jpg,EM-5-10,0,0,2,2
16_sparlare.jpg,EM-10-15,0,0,1,3
16_sparlare.jpg,SF-0-5,0,0,2,2
16_sparlare.jpg,SF-5-10,0,0,1,3
16_sparlare.jpg,SF-10-15,0,0,2,3
16_sparlare.jpg,SM-0-5,0,0,1,1
16_sparlare.jpg,SM-5-10,0,0,2,2
16_sparlare.jpg,SM-10-15,0,0,1,3
16_sparlare.jpg,SM-15+,0,0,2,3
17_porno.jpg,PF-0-5,0,5,0,0
17_porno.jpg,PF-5-10,0,5,0,1
17_porno.jpg,PF-10-15,0,5,0,2
17_porno.jpg,PM-0-5,0,5,0,0
17_porno.jpg,PM-5-10,0,5,0,1
17_porno.jpg,PM-10-15,0,5,0,2
17_porno.jpg,EF-0-5,0,5,0,0
17_porno.jpg,EF-5-10,0,5,0,1
17_porno.jpg,EF-10-15,0,5,0,2
17_porno.jpg,EM-0-5,0,5,0,0
17_porno.jpg,EM-5-10,0,5,0,1
17_porno.jpg,EM-10-15,0,5,0,2
17_porno.jpg,SF-0-5,0,5,0,0
17_porno.jpg,SF-5-10,0,5,0,1
17_porno.jpg,SF-10-15,0,5,0,2
17_porno.jpg,SM-0-5,0,5,0,0
17_porno.jpg,SM-5-10,0,5,0,1
17_porno.jpg,SM-10-15,0,5,0,2
17_porno.jpg,SM-15+,0,5,0,3
18_nero_balla.jpg,PF-0-5,0,0,0,2
18_nero_balla.jpg,PM-5-10,0,0,0,3
18_nero_balla.jpg,SF-10-15,0,0,0,3
18_nero_balla.jpg,EF-0-5,0,0,0,2
18_nero_balla.jpg,EM-5-10,0,0,0,3
18_nero_balla.jpg,SF-0-5,0,0,0,2
18_nero_balla.jpg,SM-10-15,0,0,0,4
18_nero_balla.jpg,PF-15+,0,0,0,3
18_nero_balla.jpg,PM-10-15,0,0,0,3
18_nero_balla.jpg,SF-5-10,0,0,0,3
18_nero_balla.jpg,EM-0-5,0,0,0,2
18_nero_balla.jpg,SM-5-10,0,0,0,3
18_nero_balla.jpg,PF-5-10,0,0,0,2
18_nero_balla.jpg,EM-10-15,0,0,0,3
18_nero_balla.jpg,SM-0-5,0,0,0,2
18_nero_balla.jpg,SF-15+,0,0,0,4
18_nero_balla.jpg,PF-10-15,0,0,0,3
18_nero_balla.jpg,PM-0-5,0,0,0,2
18_nero_balla.jpg,EM-15+,0,0,0,3
18_nero_balla.jpg,SM-15+,0,0,0,4
18_nero_balla.jpg,SF-0-5,0,0,0,2
18_nero_balla.jpg,PM-15+,0,0,0,3
18_nero_balla.jpg,EF-5-10,0,0,0,3
1_calcio.jpg,PF-0-5,3,0,0,0
1_calcio.jpg,PM-5-10,4,0,0,0
1_calcio.jpg,SF-10-15,5,0,0,1
1_calcio.jpg,EF-0-5,3,0,0,0
1_calcio.jpg,EM-5-10,4,0,0,0
1_calcio.jpg,SF-5-10,5,0,0,1
1_calcio.jpg,PF-5-10,2,0,0,0
1_calcio.jpg,PM-0-5,3,0,0,0
1_calcio.jpg,EM-0-5,3,0,0,0
1_calcio.jpg,SM-0-5,4,0,0,0
1_calcio.jpg,EF-5-10,3,0,0,0
1_calcio.jpg,SM-5-10,4,0,0,0
1_calcio.jpg,SF-0-5,5,0,0,1
1_calcio.jpg,PM-10-15,2,0,0,0
1_calcio.jpg,EM-10-15,3,0,0,0
1_calcio.jpg,SM-10-15,4,0,0,0
1_calcio.jpg,PF-10-15,2,0,0,0
1_calcio.jpg,PF-15+,1,0,0,0
1_calcio.jpg,EM-15+,2,0,0,0
1_calcio.jpg,SM-15+,3,0,0,0
1_calcio.jpg,SF-15+,4,0,0,1
1_calcio.jpg,PM-15+,2,0,0,0
21_neroacqua.jpg,PF-0-5,0,0,0,0
21_neroacqua.jpg,PF-5-10,0,0,0,0
21_neroacqua.jpg,PF-10-15,0,0,0,0
21_neroacqua.jpg,PF-15+,0,0,0,0
21_neroacqua.jpg,PM-0-5,0,0,0,0
21_neroacqua.jpg,PM-5-10,0,0,0,0
21_neroacqua.jpg,PM-10-15,0,0,0,0
21_neroacqua.jpg,PM-15+,0,0,0,0
21_neroacqua.jpg,EF-0-5,0,0,0,1
21_neroacqua.jpg,EF-5-10,0,0,0,1
21_neroacqua.jpg,EF-10-15,0,0,0,1
21_neroacqua.jpg,EF-15+,0,0,0,1
21_neroacqua.jpg,EM-0-5,0,0,0,0
21_neroacqua.jpg,EM-5-10,0,0,0,0
21_neroacqua.jpg,EM-10-15,0,0,0,0
21_neroacqua.jpg,EM-15+,0,0,0,0
21_neroacqua.jpg,SF-0-5,0,0,0,0
21_neroacqua.jpg,SF-5-10,0,0,0,0
21_neroacqua.jpg,SF-10-15,0,0,0,0
21_neroacqua.jpg,SF-15+,0,0,0,0
21_neroacqua.jpg,SM-0-5,0,0,0,0
21_neroacqua.jpg,SM-5-10,0,0,0,0
21_neroacqua.jpg,SM-10-15,0,0,0,0
21_neroacqua.jpg,SM-15+,0,0,0,0
22_trans.jpg,PF-0-5,0,0,0,1
22_trans.jpg,PF-5-10,0,0,0,2
22_trans.jpg,PF-10-15,0,0,0,2
22_trans.jpg,PM-0-5,0,0,0,2
22_trans.jpg,PM-5-10,0,0,0,1
22_trans.jpg,PM-10-15,0,0,0,1
22_trans.jpg,EF-0-5,0,0,0,3
22_trans.jpg,EF-5-10,0,0,0,2
22_trans.jpg,EF-10-15,0,0,0,1
22_trans.jpg,EM-0-5,0,0,0,3
22_trans.jpg,EM-5-10,0,0,0,2
22_trans.jpg,EM-10-15,0,0,0,1
22_trans.jpg,SF-0-5,0,0,0,2
22_trans.jpg,SF-5-10,0,0,0,2
22_trans.jpg,SF-10-15,0,0,0,1
22_trans.jpg,SF-15+,0,0,0,1
22_trans.jpg,SM-0-5,0,0,0,3
22_trans.jpg,SM-5-10,0,0,0,2
22_trans.jpg,SM-10-15,0,0,0,2
22_trans.jpg,SM-15+,0,0,0,1
2_niente.jpg,PF-0-5,0,0,0,0
2_niente.jpg,PF-5-10,0,0,0,0
2_niente.jpg,PF-10-15,0,0,0,0
2_niente.jpg,PF-15+,0,0,0,0
2_niente.jpg,PM-0-5,0,0,0,0
2_niente.jpg,PM-5-10,0,0,0,0
2_niente.jpg,PM-10-15,0,0,0,0
2_niente.jpg,PM-15+,0,0,0,0
2_niente.jpg,EF-0-5,0,0,0,0
2_niente.jpg,EF-5-10,0,0,0,0
2_niente.jpg,EF-10-15,0,0,0,0
2_niente.jpg,EF-15+,0,0,0,0
2_niente.jpg,EM-0-5,0,0,0,0
2_niente.jpg,EM-5-10,0,0,0,0
2_niente.jpg,EM-10-15,0,0,0,0
2_niente.jpg,EM-15+,0,0,0,0
2_niente.jpg,SF-0-5,0,0,0,0
2_niente.jpg,SF-5-10,0,0,0,0
2_niente.jpg,SF-10-15,0,0,0,0
2_niente.jpg,SF-15+,0,0,0,0
2_niente.jpg,SM-0-5,0,0,0,0
2_niente.jpg,SM-5-10,0,0,0,0
2_niente.jpg,SM-10-15,0,0,0,0
2_niente.jpg,SM-15+,0,0,0,0
3_fatcostume.jpg,PF-0-5,0,0,0,1
3_fatcostume.jpg,PF-5-10,0,0,0,2
3_fatcostume.jpg,PF-10-15,0,0,0,2
3_fatcostume.jpg,PM-0-5,0,0,0,1
3_fatcostume.jpg,PM-5-10,0,0,0,2
3_fatcostume.jpg,PM-10-15,0,0,0,3
3_fatcostume.jpg,EM-0-5,0,0,0,1
3_fatcostume.jpg,EM-5-10,0,0,0,2
3_fatcostume.jpg,EM-10-15,0,0,0,2
3_fatcostume.jpg,SF-0-5,0,0,0,1
3_fatcostume.jpg,SF-5-10,0,0,0,2
3_fatcostume.jpg,SF-10-15,0,0,0,3
3_fatcostume.jpg,SM-0-5,0,0,0,1
3_fatcostume.jpg,SM-5-10,0,0,0,2
3_fatcostume.jpg,SM-10-15,0,0,0,2
3_fatcostume.jpg,SM-15+,0,0,0,3
3_fatcostume.jpg,EF-0-5,0,0,0,1
3_fatcostume.jpg,EF-5-10,0,0,0,2
3_fatcostume.jpg,EF-10-15,0,0,0,3
3_fatcostume.jpg,EF-15+,0,0,0,3
3_fatcostume.jpg,EM-15+,0,0,0,3
3_fatcostume.jpg,SF-15+,0,0,0,3
3_fatcostume.jpg,SM-15+,0,0,0,3
4_triste.jpg,PF-0-5,0,0,0,2
4_triste.jpg,PF-5-10,0,0,0,3
4_triste.jpg,PF-10-15,0,0,0,3
4_triste.jpg,PM-0-5,0,0,0,2
4_triste.jpg,PM-5-10,0,0,0,2
4_triste.jpg,PM-10-15,0,0,0,3
4_triste.jpg,EF-0-5,0,0,0,2
4_triste.jpg,EF-5-10,0,0,0,3
4_triste.jpg,EF-10-15,0,0,0,4
4_triste.jpg,EM-0-5,0,0,0,2
4_triste.jpg,EM-5-10,0,0,0,3
4_triste.jpg,EM-10-15,0,0,0,3
4_triste.jpg,SF-0-5,0,0,0,3
4_triste.jpg,SF-5-10,0,0,0,3
4_triste.jpg,SF-10-15,0,0,0,4
4_triste.jpg,SM-0-5,0,0,0,2
4_triste.jpg,SM-5-10,0,0,0,3
4_triste.jpg,SM-10-15,0,0,0,3
4_triste.jpg,SM-15+,0,0,0,4
5_chiacchere.jpg,PF-0-5,0,0,0,0
5_chiacchere.jpg,PF-5-10,0,0,0,0
5_chiacchere.jpg,PF-10-15,0,0,0,0
5_chiacchere.jpg,PF-15+,0,0,0,0
5_chiacchere.jpg,PM-0-5,0,0,0,0
5_chiacchere.jpg,PM-5-10,0,0,0,0
5_chiacchere.jpg,PM-10-15,0,0,0,0
5_chiacchere.jpg,PM-15+,0,0,0,0
5_chiacchere.jpg,EF-0-5,0,0,0,0
5_chiacchere.jpg,EF-5-10,0,0,0,0
5_chiacchere.jpg,EF-10-15,0,0,0,0
5_chiacchere.jpg,EF-15+,0,0,0,0
5_chiacchere.jpg,EM-0-5,0,0,0,0
5_chiacchere.jpg,EM-5-10,0,0,0,0
5_chiacchere.jpg,EM-10-15,0,0,0,0
5_chiacchere.jpg,EM-15+,0,0,0,0
5_chiacchere.jpg,SF-0-5,0,0,0,0
5_chiacchere.jpg,SF-5-10,0,0,0,0
5_chiacchere.jpg,SF-10-15,0,0,0,0
5_chiacchere.jpg,SF-15+,0,0,0,0
5_chiacchere.jpg,SM-0-5,0,0,0,0
5_chiacchere.jpg,SM-5-10,0,0,0,0
5_chiacchere.jpg,SM-10-15,0,0,0,0
5_chiacchere.jpg,SM-15+,0,0,0,0
6_rissa.jpg,PF-0-5,5,0,0,0
6_rissa.jpg,PF-5-10,5,0,0,0
6_rissa.jpg,PF-10-15,5,0,0,0
6_rissa.jpg,PM-0-5,5,0,0,0
6_rissa.jpg,PM-5-10,5,0,0,0
6_rissa.jpg,PM-10-15,5,0,0,0
6_rissa.jpg,EF-0-5,5,0,0,1
6_rissa.jpg,EF-5-10,5,0,0,1
6_rissa.jpg,EF-10-15,5,0,0,1
6_rissa.jpg,EM-0-5,5,0,0,1
6_rissa.jpg,EM-5-10,5,0,0,1
6_rissa.jpg,EM-10-15,5,0,0,1
6_rissa.jpg,SF-0-5,5,0,0,0
6_rissa.jpg,SF-5-10,5,0,0,0
6_rissa.jpg,SF-10-15,5,0,0,0
6_rissa.jpg,SM-0-5,5,0,0,0
6_rissa.jpg,SM-5-10,5,0,0,0
6_rissa.jpg,SM-10-15,5,0,0,0
6_rissa.jpg,SM-15+,5,0,0,0
7_fatcostume.jpg,PF-0-5,0,0,0,1
7_fatcostume.jpg,PF-5-10,0,0,0,2
7_fatcostume.jpg,PF-10-15,0,0,0,3
7_fatcostume.jpg,PM-0-5,0,0,0,2
7_fatcostume.jpg,PM-5-10,0,0,0,1
7_fatcostume.jpg,PM-10-15,0,0,0,3
7_fatcostume.jpg,EF-0-5,0,0,0,1
7_fatcostume.jpg,EF-5-10,0,0,0,2
7_fatcostume.jpg,EF-10-15,0,0,0,3
7_fatcostume.jpg,EM-0-5,0,0,0,2
7_fatcostume.jpg,EM-5-10,0,0,0,1
7_fatcostume.jpg,EM-10-15,0,0,0,3
7_fatcostume.jpg,SF-0-5,0,0,0,2
7_fatcostume.jpg,SF-5-10,0,0,0,3
7_fatcostume.jpg,SF-10-15,0,0,0,4
7_fatcostume.jpg,SM-0-5,0,0,0,2
7_fatcostume.jpg,SM-5-10,0,0,0,1
7_fatcostume.jpg,SM-10-15,0,0,0,3
7_fatcostume.jpg,SM-15+,0,0,0,2
9_costume.jpg,PF-0-5,0,0,0,2
9_costume.jpg,PF-5-10,0,0,0,3
9_costume.jpg,PF-10-15,0,0,0,4
9_costume.jpg,PM-0-5,0,0,0,1
9_costume.jpg,PM-5-10,0,0,0,2
9_costume.jpg,PM-10-15,0,0,0,3
9_costume.jpg,EF-0-5,0,0,0,3
9_costume.jpg,EF-5-10,0,0,0,3
9_costume.jpg,EF-10-15,0,0,0,4
9_costume.jpg,EM-0-5,0,0,0,2
9_costume.jpg,EM-5-10,0,0,0,3
9_costume.jpg,EM-10-15,0,0,0,3
9_costume.jpg,SF-0-5,0,0,0,2
9_costume.jpg,SF-5-10,0,0,0,3
9_costume.jpg,SF-10-15,0,0,0,4
9_costume.jpg,SM-0-5,0,0,0,2
9_costume.jpg,SM-5-10,0,0,0,3
9_costume.jpg,SM-10-15,0,0,0,3
9_costume.jpg,SM-15+,0,0,0,3
frame_0000.jpg,PF-0-5,0,5,0,0
frame_0000.jpg,PF-5-10,0,5,0,0
frame_0000.jpg,PF-10-15,0,5,0,0
frame_0000.jpg,PM-0-5,0,5,0,0
frame_0000.jpg,PM-5-10,0,5,0,0
frame_0000.jpg,PM-10-15,0,5,0,0
frame_0000.jpg,EF-0-5,0,5,0,0
frame_0000.jpg,EF-5-10,0,5,0,0
frame_0000.jpg,EF-10-15,0,5,0,0
frame_0000.jpg,EM-0-5,0,5,0,0
frame_0000.jpg,EM-5-10,0,5,0,0
frame_0000.jpg,EM-10-15,0,5,0,0
frame_0000.jpg,SF-0-5,0,5,0,0
frame_0000.jpg,SF-5-10,0,5,0,0
frame_0000.jpg,SF-10-15,0,5,0,0
frame_0000.jpg,SM-0-5,0,5,0,0
frame_0000.jpg,SM-5-10,0,5,0,0
frame_0000.jpg,SM-10-15,0,5,0,0
frame_0000.jpg,SM-15+,0,5,0,0
frame_0000.jpg,PF-0-5,0,0,0,1
frame_0000.jpg,PF-5-10,0,0,0,1
frame_0000.jpg,PF-10-15,0,0,0,2
frame_0000.jpg,PM-0-5,0,0,0,1
frame_0000.jpg,PM-5-10,0,0,0,1
frame_0000.jpg,PM-10-15,0,0,0,2
frame_0000.jpg,EF-0-5,0,0,0,1
frame_0000.jpg,EF-5-10,0,0,0,1
frame_0000.jpg,EF-10-15,0,0,0,2
frame_0000.jpg,EM-0-5,0,0,0,1
frame_0000.jpg,EM-5-10,0,0,0,1
frame_0000.jpg,EM-10-15,0,0,0,2
frame_0000.jpg,SF-0-5,0,0,0,1
frame_0000.jpg,SF-5-10,0,0,0,1
frame_0000.jpg,SF-10-15,0,0,0,2
frame_0000.jpg,SM-0-5,0,0,0,1
frame_0000.jpg,SM-5-10,0,0,0,1
frame_0000.jpg,SM-10-15,0,0,0,2
frame_0000.jpg,SM-15+,0,0,0,2
frame_0001.jpg,PF-0-5,0,0,0,0
frame_0001.jpg,PM-5-10,0,0,0,0
frame_0001.jpg,SF-10-15,0,0,0,0
frame_0001.jpg,EF-0-5,0,0,0,0
frame_0001.jpg,EM-5-10,0,0,0,0
frame_0001.jpg,SM-10-15,0,0,0,0
frame_0001.jpg,PF-5-10,0,0,0,0
frame_0001.jpg,PM-0-5,0,0,0,0
frame_0001.jpg,SF-0-5,0,0,0,0
frame_0001.jpg,EM-0-5,0,0,0,0
frame_0001.jpg,SF-15+,0,0,0,0
frame_0001.jpg,SM-0-5,0,0,0,0
frame_0001.jpg,EF-5-10,0,0,0,0
frame_0001.jpg,EM-10-15,0,0,0,0
frame_0001.jpg,SF-5-10,0,0,0,0
frame_0001.jpg,PF-15+,0,0,0,0
frame_0001.jpg,PM-15+,0,0,0,0
frame_0001.jpg,EM-15+,0,0,0,0
frame_0001.jpg,SM-5-10,0,0,0,0
frame_0001.jpg,SM-15+,0,0,0,0
frame_0001.jpg,PF-10-15,0,0,0,0
frame_0001.jpg,PM-10-15,0,0,0,0
frame_0001.jpg,EF-10-15,0,0,0,0
frame_0002.jpg,PF-0-5,0,0,0,0
frame_0002.jpg,PF-5-10,0,0,0,0
frame_0002.jpg,PF-10-15,0,0,0,0
frame_0002.jpg,PF-15+,0,0,0,0
frame_0002.jpg,PM-0-5,0,0,0,0
frame_0002.jpg,PM-5-10,0,0,0,0
frame_0002.jpg,PM-10-15,0,0,0,0
frame_0002.jpg,PM-15+,0,0,0,0
frame_0002.jpg,EF-0-5,0,0,0,0
frame_0002.jpg,EF-5-10,0,0,0,0
frame_0002.jpg,EF-10-15,0,0,0,0
frame_0002.jpg,EF-15+,0,0,0,0
frame_0002.jpg,EM-0-5,0,0,0,0
frame_0002.jpg,EM-5-10,0,0,0,0
frame_0002.jpg,EM-10-15,0,0,0,0
frame_0002.jpg,EM-15+,0,0,0,0
frame_0002.jpg,SF-0-5,0,0,0,0
frame_0002.jpg,SF-5-10,0,0,0,0
frame_0002.jpg,SF-10-15,0,0,0,0
frame_0002.jpg,SF-15+,0,0,0,0
frame_0002.jpg,SM-0-5,0,0,0,0
frame_0002.jpg,SM-5-10,0,0,0,0
frame_0002.jpg,SM-10-15,0,0,0,0
frame_0002.jpg,SM-15+,0,0,0,0
frame_0003.jpg,PF-0-5,0,0,0,0
frame_0003.jpg,PF-5-10,0,0,0,0
frame_0003.jpg,PF-10-15,0,0,0,0
frame_0003.jpg,PF-15+,0,0,0,0
frame_0003.jpg,PM-0-5,0,0,0,0
frame_0003.jpg,PM-5-10,0,0,0,0
frame_0003.jpg,PM-10-15,0,0,0,0
frame_0003.jpg,PM-15+,0,0,0,0
frame_0003.jpg,EF-0-5,0,0,0,0
frame_0003.jpg,EF-5-10,0,0,0,0
frame_0003.jpg,EF-10-15,0,0,0,0
frame_0003.jpg,EF-15+,0,0,0,0
frame_0003.jpg,EM-0-5,0,0,0,0
frame_0003.jpg,EM-5-10,0,0,0,0
frame_0003.jpg,EM-10-15,0,0,0,0
frame_0003.jpg,EM-15+,0,0,0,0
frame_0003.jpg,SF-0-5,0,0,0,0
frame_0003.jpg,SF-5-10,0,0,0,0
frame_0003.jpg,SF-10-15,0,0,0,0
frame_0003.jpg,SF-15+,0,0,0,0
frame_0003.jpg,SM-0-5,0,0,0,0
frame_0003.jpg,SM-5-10,0,0,0,0
frame_0003.jpg,SM-10-15,0,0,0,0
frame_0003.jpg,SM-15+,0,0,0,0
frame_0004.jpg,PF-0-5,0,0,0,0
frame_0004.jpg,PF-5-10,0,0,0,0
frame_0004.jpg,PF-10-15,0,0,0,0
frame_0004.jpg,PF-15+,0,0,0,0
frame_0004.jpg,PM-0-5,0,0,0,0
frame_0004.jpg,PM-5-10,0,0,0,0
frame_0004.jpg,PM-10-15,0,0,0,0
frame_0004.jpg,PM-15+,0,0,0,0
frame_0004.jpg,EF-0-5,0,0,0,0
frame_0004.jpg,EF-5-10,0,0,0,0
frame_0004.jpg,EF-10-15,0,0,0,0
frame_0004.jpg,EF-15+,0,0,0,0
frame_0004.jpg,EM-0-5,0,0,0,0
frame_0004.jpg,EM-5-10,0,0,0,0
frame_0004.jpg,EM-10-15,0,0,0,0
frame_0004.jpg,EM-15+,0,0,0,0
frame_0004.jpg,SF-0-5,0,0,0,0
frame_0004.jpg,SF-5-10,0,0,0,0
frame_0004.jpg,SF-10-15,0,0,0,0
frame_0004.jpg,SF-15+,0,0,0,0
frame_0004.jpg,SM-0-5,0,0,0,0
frame_0004.jpg,SM-5-10,0,0,0,0
frame_0004.jpg,SM-10-15,0,0,0,0
frame_0004.jpg,SM-15+,0,0,0,0
frame_0005.jpg,PF-0-5,0,0,0,0
frame_0005.jpg,PF-5-10,0,0,0,0
frame_0005.jpg,PF-10-15,0,0,0,0
frame_0005.jpg,PF-15+,0,0,0,0
frame_0005.jpg,PM-0-5,0,0,0,0
frame_0005.jpg,PM-5-10,0,0,0,0
frame_0005.jpg,PM-10-15,0,0,0,0
frame_0005.jpg,PM-15+,0,0,0,0
frame_0005.jpg,EF-0-5,0,0,0,0
frame_0005.jpg,EF-5-10,0,0,0,0
frame_0005.jpg,EF-10-15,0,0,0,0
frame_0005.jpg,EF-15+,0,0,0,0
frame_0005.jpg,EM-0-5,0,0,0,0
frame_0005.jpg,EM-5-10,0,0,0,0
frame_0005.jpg,EM-10-15,0,0,0,0
frame_0005.jpg,EM-15+,0,0,0,0
frame_0005.jpg,SF-0-5,0,0,0,0
frame_0005.jpg,SF-5-10,0,0,0,0
frame_0005.jpg,SF-10-15,0,0,0,0
frame_0005.jpg,SF-15+,0,0,0,0
frame_0005.jpg,SM-0-5,0,0,0,0
frame_0005.jpg,SM-5-10,0,0,0,0
frame_0005.jpg,SM-10-15,0,0,0,0
frame_0005.jpg,SM-15+,0,0,0,0
frame_0006.jpg,PF-0-5,0,0,0,0
frame_0006.jpg,PM-5-10,0,0,0,0
frame_0006.jpg,SF-0-5,0,0,0,0
frame_0006.jpg,SF-5-10,0,0,0,0
frame_0006.jpg,EF-0-5,0,0,0,0
frame_0006.jpg,EM-0-5,0,0,0,0
frame_0006.jpg,PF-5-10,0,0,0,0
frame_0006.jpg,PM-0-5,0,0,0,0
frame_0006.jpg,EM-5-10,0,0,0,0
frame_0006.jpg,SM-0-5,0,0,0,0
frame_0006.jpg,SM-5-10,0,0,0,0
frame_0006.jpg,SF-10-15,0,0,0,0
frame_0006.jpg,PM-10-15,0,0,0,0
frame_0006.jpg,EF-5-10,0,0,0,0
frame_0006.jpg,EM-10-15,0,0,0,0
frame_0006.jpg,SF-15+,0,0,0,0
frame_0006.jpg,SM-10-15,0,0,0,0
frame_0006.jpg,EF-10-15,0,0,0,0
frame_0006.jpg,EM-15+,0,0,0,0
frame_0006.jpg,SM-15+,0,0,0,0
frame_0006.jpg,PF-15+,0,0,0,0
frame_0006.jpg,PM-15+,0,0,0,0
frame_0007.jpg,PF-0-5,0,0,0,0
frame_0007.jpg,PF-5-10,0,0,0,0
frame_0007.jpg,PF-10-15,0,0,0,0
frame_0007.jpg,PF-15+,0,0,0,0
frame_0007.jpg,PM-0-5,0,0,0,0
frame_0007.jpg,PM-5-10,0,0,0,0
frame_0007.jpg,PM-10-15,0,0,0,0
frame_0007.jpg,PM-15+,0,0,0,0
frame_0007.jpg,EF-0-5,0,0,0,0
frame_0007.jpg,EF-5-10,0,0,0,0
frame_0007.jpg,EF-10-15,0,0,0,0
frame_0007.jpg,EF-15+,0,0,0,0
frame_0007.jpg,EM-0-5,0,0,0,0
frame_0007.jpg,EM-5-10,0,0,0,0
frame_0007.jpg,EM-10-15,0,0,0,0
frame_0007.jpg,EM-15+,0,0,0,0
frame_0007.jpg,SF-0-5,0,0,0,0
frame_0007.jpg,SF-5-10,0,0,0,0
frame_0007.jpg,SF-10-15,0,0,0,0
frame_0007.jpg,SF-15+,0,0,0,0
frame_0007.jpg,SM-0-5,0,0,0,0
frame_0007.jpg,SM-5-10,0,0,0,0
frame_0007.jpg,SM-10-15,0,0,0,0
frame_0007.jpg,SM-15+,0,0,0,0
frame_0008.jpg,PF-0-5,0,0,0,0
frame_0008.jpg,PM-5-10,0,0,0,0
frame_0008.jpg,SF-0-5,0,0,0,0
frame_0008.jpg,SF-5-10,0,0,0,0
frame_0008.jpg,EM-0-5,0,0,0,0
frame_0008.jpg,EM-5-10,0,0,0,0
frame_0008.jpg,SM-0-5,0,0,0,0
frame_0008.jpg,SM-5-10,0,0,0,0
frame_0008.jpg,PF-10-15,0,0,0,0
frame_0008.jpg,PM-10-15,0,0,0,0
frame_0008.jpg,SF-10-15,0,0,0,0
frame_0008.jpg,SM-10-15,0,0,0,0
frame_0008.jpg,PF-15+,0,0,0,0
frame_0008.jpg,PM-15+,0,0,0,0
frame_0008.jpg,SF-15+,0,0,0,0
frame_0008.jpg,SM-15+,0,0,0,0
frame_0008.jpg,EF-0-5,0,0,0,0
frame_0008.jpg,EM-0-5,0,0,0,0
frame_0008.jpg,EF-5-10,0,0,0,0
frame_0008.jpg,EM-5-10,0,0,0,0
frame_0008.jpg,EF-10-15,0,0,0,0
frame_0008.jpg,EM-10-15,0,0,0,0
frame_0008.jpg,EF-15+,0,0,0,0
frame_0008.jpg,EM-15+,0,0,0,0
frame_0009.jpg,PF-0-5,0,0,0,1
frame_0009.jpg,PF-5-10,0,0,0,1
frame_0009.jpg,PF-10-15,0,0,0,2
frame_0009.jpg,PM-0-5,0,0,0,1
frame_0009.jpg,PM-5-10,0,0,0,2
frame_0009.jpg,PM-10-15,0,0,0,2
frame_0009.jpg,EF-0-5,0,0,0,1
frame_0009.jpg,EF-5-10,0,0,0,1
frame_0009.jpg,EF-10-15,0,0,0,2
frame_0009.jpg,EM-0-5,0,0,0,1
frame_0009.jpg,EM-5-10,0,0,0,2
frame_0009.jpg,EM-10-15,0,0,0,2
frame_0009.jpg,SF-0-5,0,0,0,1
frame_0009.jpg,SF-5-10,0,0,0,1
frame_0009.jpg,SF-10-15,0,0,0,2
frame_0009.jpg,SM-0-5,0,0,0,1
frame_0009.jpg,SM-5-10,0,0,0,1
frame_0009.jpg,SM-10-15,0,0,0,2
frame_0009.jpg,SM-15+,0,0,0,2
frame_0010.jpg,PF-0-5,0,0,0,1
frame_0010.jpg,PF-5-10,0,0,0,1
frame_0010.jpg,PF-10-15,0,0,0,1
frame_0010.jpg,PM-0-5,0,0,0,1
frame_0010.jpg,PM-5-10,0,0,0,1
frame_0010.jpg,PM-10-15,0,0,0,1
frame_0010.jpg,EF-0-5,0,0,0,0
frame_0010.jpg,EF-5-10,0,0,0,0
frame_0010.jpg,EF-10-15,0,0,0,0
frame_0010.jpg,EM-0-5,0,0,0,0
frame_0010.jpg,EM-5-10,0,0,0,0
frame_0010.jpg,EM-10-15,0,0,0,0
frame_0010.jpg,SF-0-5,0,0,0,0
frame_0010.jpg,SF-5-10,0,0,0,0
frame_0010.jpg,SF-10-15,0,0,0,0
frame_0010.jpg,SF-15+,0,0,0,0
frame_0010.jpg,SM-0-5,0,0,0,0
frame_0010.jpg,SM-5-10,0,0,0,0
frame_0010.jpg,SM-10-15,0,0,0,0
frame_0010.jpg,SM-15+,0,0,0,0
frame_0011.jpg,PF-0-5,0,3,0,1
frame_0011.jpg,PF-5-10,0,4,0,2
frame_0011.jpg,PF-10-15,0,5,0,3
frame_0011.jpg,PM-0-5,0,3,0,1
frame_0011.jpg,PM-5-10,0,4,0,2
frame_0011.jpg,PM-10-15,0,5,0,3
frame_0011.jpg,EF-0-5,0,3,0,1
frame_0011.jpg,EF-5-10,0,4,0,2
frame_0011.jpg,EF-10-15,0,5,0,3
frame_0011.jpg,EM-0-5,0,3,0,1
frame_0011.jpg,EM-5-10,0,4,0,2
frame_0011.jpg,EM-10-15,0,5,0,3
frame_0011.jpg,SF-0-5,0,3,0,2
frame_0011.jpg,SF-5-10,0,4,0,2
frame_0011.jpg,SF-10-15,0,5,0,3
frame_0011.jpg,SM-0-5,0,3,0,1
frame_0011.jpg,SM-5-10,0,4,0,2
frame_0011.jpg,SM-10-15,0,5,0,3
frame_0011.jpg,SM-15+,0,5,0,3
frame_0012.jpg,PF-0-5,0,3,0,0
frame_0012.jpg,PF-5-10,0,4,0,0
frame_0012.jpg,PF-10-15,0,5,0,0
frame_0012.jpg,PF-15+,0,4,0,0
frame_0012.jpg,PM-0-5,0,3,0,0
frame_0012.jpg,PM-5-10,0,4,0,0
frame_0012.jpg,PM-10-15,0,4,0,0
frame_0012.jpg,PM-15+,0,3,0,0
frame_0012.jpg,EF-0-5,0,3,0,0
frame_0012.jpg,EF-5-10,0,4,0,0
frame_0012.jpg,EF-10-15,0,4,0,0
frame_0012.jpg,EF-15+,0,5,0,0
frame_0012.jpg,EM-0-5,0,3,0,0
frame_0012.jpg,EM-5-10,0,4,0,0
frame_0012.jpg,EM-10-15,0,4,0,0
frame_0012.jpg,EM-15+,0,3,0,0
frame_0012.jpg,SF-0-5,0,3,0,0
frame_0012.jpg,SF-5-10,0,4,0,0
frame_0012.jpg,SF-10-15,0,5,0,0
frame_0012.jpg,SF-15+,0,4,0,0
frame_0012.jpg,SM-0-5,0,3,0,0
frame_0012.jpg,SM-5-10,0,4,0,0
frame_0012.jpg,SM-10-15,0,4,0,0
frame_0012.jpg,SM-15+,0,3,0,0
frame_0013.jpg,PF-0-5,0,5,0,0
frame_0013.jpg,PF-5-10,0,5,0,0
frame_0013.jpg,PF-10-15,0,5,0,0
frame_0013.jpg,PF-15+,0,5,0,0
frame_0013.jpg,PM-0-5,0,5,0,0
frame_0013.jpg,PM-5-10,0,5,0,0
frame_0013.jpg,PM-10-15,0,5,0,0
frame_0013.jpg,PM-15+,0,5,0,0
frame_0013.jpg,EF-0-5,0,5,0,0
frame_0013.jpg,EF-5-10,0,5,0,0
frame_0013.jpg,EF-10-15,0,5,0,0
frame_0013.jpg,EF-15+,0,5,0,0
frame_0013.jpg,EM-0-5,0,5,0,0
frame_0013.jpg,EM-5-10,0,5,0,0
frame_0013.jpg,EM-10-15,0,5,0,0
frame_0013.jpg,EM-15+,0,5,0,0
frame_0013.jpg,SF-0-5,0,5,0,0
frame_0013.jpg,SF-5-10,0,5,0,0
frame_0013.jpg,SF-10-15,0,5,0,0
frame_0013.jpg,SF-15+,0,5,0,0
frame_0013.jpg,SM-0-5,0,5,0,0
frame_0013.jpg,SM-5-10,0,5,0,0
frame_0013.jpg,SM-10-15,0,5,0,0
frame_0013.jpg,SM-15+,0,5,0,0
frame_0014.jpg,PF-0-5,0,5,0,3
frame_0014.jpg,PF-5-10,0,5,0,2
frame_0014.jpg,PF-10-15,0,5,0,2
frame_0014.jpg,PM-0-5,0,5,0,3
frame_0014.jpg,PM-5-10,0,5,0,2
frame_0014.jpg,PM-10-15,0,5,0,2
frame_0014.jpg,EM-0-5,0,5,0,3
frame_0014.jpg,EM-5-10,0,5,0,2
frame_0014.jpg,EM-10-15,0,5,0,2
frame_0014.jpg,SF-0-5,0,5,0,4
frame_0014.jpg,SF-5-10,0,5,0,3
frame_0014.jpg,SF-10-15,0,5,0,3
frame_0014.jpg,SM-0-5,0,5,0,3
frame_0014.jpg,SM-5-10,0,5,0,2
frame_0014.jpg,SM-10-15,0,5,0,2
frame_0014.jpg,SM-15+,0,5,0,2
frame_0014.jpg,EF-0-5,0,5,0,3
frame_0014.jpg,EF-5-10,0,5,0,2
frame_0014.jpg,EF-10-15,0,5,0,2
frame_0014.jpg,EF-15+,0,5,0,2
frame_0014.jpg,EM-0-5,0,5,0,3
frame_0014.jpg,EM-5-10,0,5,0,2
frame_0014.jpg,EM-10-15,0,5,0,2
frame_0015.jpg,PF-0-5,0,5,0,3
frame_0015.jpg,PF-5-10,0,5,0,4
frame_0015.jpg,PF-10-15,0,5,0,5
frame_0015.jpg,PM-0-5,0,5,0,3
frame_0015.jpg,PM-5-10,0,5,0,4
frame_0015.jpg,PM-10-15,0,5,0,5
frame_0015.jpg,EF-0-5,0,5,0,2
frame_0015.jpg,EF-5-10,0,5,0,3
frame_0015.jpg,EF-10-15,0,5,0,4
frame_0015.jpg,EM-0-5,0,5,0,2
frame_0015.jpg,EM-5-10,0,5,0,3
frame_0015.jpg,EM-10-15,0,5,0,4
frame_0015.jpg,SF-0-5,0,5,0,3
frame_0015.jpg,SF-5-10,0,5,0,4
frame_0015.jpg,SF-10-15,0,5,0,5
frame_0015.jpg,SM-0-5,0,5,0,3
frame_0015.jpg,SM-5-10,0,5,0,4
frame_0015.jpg,SM-10-15,0,5,0,5
frame_0015.jpg,SM-15+,0,5,0,5
frame_0016.jpg,PF-0-5,0,5,0,0
frame_0016.jpg,PF-5-10,0,5,0,0
frame_0016.jpg,PF-10-15,0,5,0,0
frame_0016.jpg,PF-15+,0,5,0,0
frame_0016.jpg,PM-0-5,0,5,0,0
frame_0016.jpg,PM-5-10,0,5,0,0
frame_0016.jpg,PM-10-15,0,5,0,0
frame_0016.jpg,PM-15+,0,5,0,0
frame_0016.jpg,EF-0-5,0,5,0,0
frame_0016.jpg,EF-5-10,0,5,0,0
frame_0016.jpg,EF-10-15,0,5,0,0
frame_0016.jpg,EF-15+,0,5,0,0
frame_0016.jpg,EM-0-5,0,5,0,0
frame_0016.jpg,EM-5-10,0,5,0,0
frame_0016.jpg,EM-10-15,0,5,0,0
frame_0016.jpg,EM-15+,0,5,0,0
frame_0016.jpg,SF-0-5,0,5,0,0
frame_0016.jpg,SF-5-10,0,5,0,0
frame_0016.jpg,SF-10-15,0,5,0,0
frame_0016.jpg,SF-15+,0,5,0,0
frame_0016.jpg,SM-0-5,0,5,0,0
frame_0016.jpg,SM-5-10,0,5,0,0
frame_0016.jpg,SM-10-15,0,5,0,0
frame_0016.jpg,SM-15+,0,5,0,0
frame_0017.jpg,PF-0-5,0,5,0,3
frame_0017.jpg,PF-5-10,0,5,0,3
frame_0017.jpg,PF-10-15,0,5,0,4
frame_0017.jpg,PM-0-5,0,5,0,3
frame_0017.jpg,PM-5-10,0,5,0,3
frame_0017.jpg,PM-10-15,0,5,0,3
frame_0017.jpg,EF-0-5,0,5,0,3
frame_0017.jpg,EF-5-10,0,5,0,3
frame_0017.jpg,EF-10-15,0,5,0,3
frame_0017.jpg,EM-0-5,0,5,0,3
frame_0017.jpg,EM-5-10,0,5,0,3
frame_0017.jpg,EM-10-15,0,5,0,3
frame_0017.jpg,SF-0-5,0,5,0,3
frame_0017.jpg,SF-5-10,0,5,0,3
frame_0017.jpg,SF-10-15,0,5,0,4
frame_0017.jpg,SM-0-5,0,5,0,3
frame_0017.jpg,SM-5-10,0,5,0,3
frame_0017.jpg,SM-10-15,0,5,0,3
frame_0017.jpg,SM-15+,0,5,0,3
frame_0018.jpg,PF-0-5,0,5,0,0
frame_0018.jpg,PM-5-10,0,5,0,0
frame_0018.jpg,SF-10-15,0,5,0,1
frame_0018.jpg,EF-0-5,0,5,0,0
frame_0018.jpg,EM-5-10,0,5,0,0
frame_0018.jpg,SF-0-5,0,5,0,0
frame_0018.jpg,PF-5-10,0,5,0,0
frame_0018.jpg,PM-10-15,0,5,0,0
frame_0018.jpg,SM-0-5,0,5,0,0
frame_0018.jpg,EF-5-10,0,5,0,0
frame_0018.jpg,EM-10-15,0,5,0,0
frame_0018.jpg,SF-5-10,0,5,0,0
frame_0018.jpg,PF-10-15,0,5,0,0
frame_0018.jpg,SM-5-10,0,5,0,0
frame_0018.jpg,EM-15+,0,5,0,0
frame_0018.jpg,SF-15+,0,5,0,0
frame_0018.jpg,PM-0-5,0,5,0,0
frame_0018.jpg,PF-15+,0,5,0,0
frame_0018.jpg,SM-10-15,0,5,0,0
frame_0018.jpg,EM-0-5,0,5,0,0
frame_0018.jpg,SM-15+,0,5,0,0
frame_0019.jpg,PF-0-5,0,5,0,0
frame_0019.jpg,PF-5-10,0,5,0,0
frame_0019.jpg,PF-10-15,0,5,0,0
frame_0019.jpg,PF-15+,0,5,0,0
frame_0019.jpg,PM-0-5,0,5,0,0
frame_0019.jpg,PM-5-10,0,5,0,0
frame_0019.jpg,PM-10-15,0,5,0,0
frame_0019.jpg,PM-15+,0,5,0,0
frame_0019.jpg,EF-0-5,0,5,0,0
frame_0019.jpg,EF-5-10,0,5,0,0
frame_0019.jpg,EF-10-15,0,5,0,0
frame_0019.jpg,EF-15+,0,5,0,0
frame_0019.jpg,EM-0-5,0,5,0,0
frame_0019.jpg,EM-5-10,0,5,0,0
frame_0019.jpg,EM-10-15,0,5,0,0
frame_0019.jpg,EM-15+,0,5,0,0
frame_0019.jpg,SF-0-5,0,5,0,0
frame_0019.jpg,SF-5-10,0,5,0,0
frame_0019.jpg,SF-10-15,0,5,0,0
frame_0019.jpg,SF-15+,0,5,0,0
frame_0019.jpg,SM-0-5,0,5,0,0
frame_0019.jpg,SM-5-10,0,5,0,0
frame_0019.jpg,SM-10-15,0,5,0,0
frame_0019.jpg,SM-15+,0,5,0,0
frame_0020.jpg,PF-0-5,0,5,0,0
frame_0020.jpg,PF-5-10,0,5,0,1
frame_0020.jpg,PF-10-15,0,5,0,1
frame_0020.jpg,PM-0-5,0,5,0,0
frame_0020.jpg,PM-5-10,0,5,0,1
frame_0020.jpg,PM-10-15,0,5,0,1
frame_0020.jpg,EF-0-5,0,5,0,0
frame_0020.jpg,EF-5-10,0,5,0,1
frame_0020.jpg,EF-10-15,0,5,0,1
frame_0020.jpg,EM-0-5,0,5,0,0
frame_0020.jpg,EM-5-10,0,5,0,1
frame_0020.jpg,EM-10-15,0,5,0,1
frame_0020.jpg,SF-0-5,0,5,0,0
frame_0020.jpg,SF-5-10,0,5,0,1
frame_0020.jpg,SF-10-15,0,5,0,1
frame_0020.jpg,SM-0-5,0,5,0,0
frame_0020.jpg,SM-5-10,0,5,0,1
frame_0020.jpg,SM-10-15,0,5,0,1
frame_0020.jpg,SM-15+,0,5,0,1
frame_0021.jpg,PF-0-5,0,5,0,0
frame_0021.jpg,PF-5-10,0,5,0,0
frame_0021.jpg,PF-10-15,0,5,0,0
frame_0021.jpg,PM-0-5,0,5,0,0
frame_0021.jpg,PM-5-10,0,5,0,0
frame_0021.jpg,PM-10-15,0,5,0,0
frame_0021.jpg,EF-0-5,0,5,0,0
frame_0021.jpg,EF-5-10,0,5,0,0
frame_0021.jpg,EF-10-15,0,5,0,0
frame_0021.jpg,EM-0-5,0,5,0,0
frame_0021.jpg,EM-5-10,0,5,0,0
frame_0021.jpg,EM-10-15,0,5,0,0
frame_0021.jpg,SF-0-5,0,5,0,0
frame_0021.jpg,SF-5-10,0,5,0,0
frame_0021.jpg,SF-10-15,0,5,0,0
frame_0021.jpg,SF-15+,0,5,0,0
frame_0021.jpg,SM-0-5,0,5,0,0
frame_0021.jpg,SM-5-10,0,5,0,0
frame_0021.jpg,SM-10-15,0,5,0,0
frame_0021.jpg,SM-15+,0,5,0,0
frame_0022.jpg,PF-0-5,0,5,0,0
frame_0022.jpg,PF-5-10,0,5,0,0
frame_0022.jpg,PF-10-15,0,5,0,0
frame_0022.jpg,PM-0-5,0,5,0,0
frame_0022.jpg,PM-5-10,0,5,0,0
frame_0022.jpg,PM-10-15,0,5,0,0
frame_0022.jpg,EM-0-5,0,5,0,0
frame_0022.jpg,EM-5-10,0,5,0,0
frame_0022.jpg,EM-10-15,0,5,0,0
frame_0022.jpg,EF-0-5,0,5,0,0
frame_0022.jpg,EF-5-10,0,5,0,0
frame_0022.jpg,EF-10-15,0,5,0,0
frame_0022.jpg,SF-0-5,0,5,0,0
frame_0022.jpg,SF-5-10,0,5,0,0
frame_0022.jpg,SF-10-15,0,5,0,0
frame_0022.jpg,SM-0-5,0,5,0,0
frame_0022.jpg,SM-5-10,0,5,0,0
frame_0022.jpg,SM-10-15,0,5,0,0
frame_0022.jpg,SM-15+,0,5,0,0
frame_0022.jpg,SF-15+,0,5,0,0
frame_0023.jpg,PF-0-5,0,5,0,0
frame_0023.jpg,PF-5-10,0,5,0,0
frame_0023.jpg,PF-10-15,0,5,0,0
frame_0023.jpg,PF-15+,0,5,0,0
frame_0023.jpg,PM-0-5,0,5,0,0
frame_0023.jpg,PM-5-10,0,5,0,0
frame_0023.jpg,PM-10-15,0,5,0,0
frame_0023.jpg,PM-15+,0,5,0,0
frame_0023.jpg,EF-0-5,0,5,0,0
frame_0023.jpg,EF-5-10,0,5,0,0
frame_0023.jpg,EF-10-15,0,5,0,0
frame_0023.jpg,EF-15+,0,5,0,0
frame_0023.jpg,EM-0-5,0,5,0,0
frame_0023.jpg,EM-5-10,0,5,0,0
frame_0023.jpg,EM-10-15,0,5,0,0
frame_0023.jpg,EM-15+,0,5,0,0
frame_0023.jpg,SF-0-5,0,5,0,0
frame_0023.jpg,SF-5-10,0,5,0,0
frame_0023.jpg,SF-10-15,0,5,0,0
frame_0023.jpg,SF-15+,0,5,0,0
frame_0023.jpg,SM-0-5,0,5,0,0
frame_0023.jpg,SM-5-10,0,5,0,0
frame_0023.jpg,SM-10-15,0,5,0,0
frame_0023.jpg,SM-15+,0,5,0,0
frame_0024.jpg,PF-0-5,0,5,0,0
frame_0024.jpg,PF-5-10,0,5,0,0
frame_0024.jpg,PF-10-15,0,5,0,0
frame_0024.jpg,PM-0-5,0,5,0,0
frame_0024.jpg,PM-5-10,0,5,0,0
frame_0024.jpg,PM-10-15,0,5,0,0
frame_0024.jpg,EF-0-5,0,5,0,0
frame_0024.jpg,EF-5-10,0,5,0,0
frame_0024.jpg,EF-10-15,0,5,0,0
frame_0024.jpg,EM-0-5,0,5,0,0
frame_0024.jpg,EM-5-10,0,5,0,0
frame_0024.jpg,EM-10-15,0,5,0,0
frame_0024.jpg,SF-0-5,0,5,0,0
frame_0024.jpg,SF-5-10,0,5,0,0
frame_0024.jpg,SF-10-15,0,5,0,0
frame_0024.jpg,SF-15+,0,5,0,0
frame_0024.jpg,SM-0-5,0,5,0,0
frame_0024.jpg,SM-5-10,0,5,0,0
frame_0024.jpg,SM-10-15,0,5,0,0
frame_0024.jpg,SM-15+,0,5,0,0
frame_0025.jpg,PF-0-5,0,5,0,4
frame_0025.jpg,PF-5-10,0,5,0,4
frame_0025.jpg,PF-10-15,0,5,0,4
frame_0025.jpg,PF-15+,0,5,0,4
frame_0025.jpg,PM-0-5,0,5,0,3
frame_0025.jpg,PM-5-10,0,5,0,3
frame_0025.jpg,PM-10-15,0,5,0,3
frame_0025.jpg,PM-15+,0,5,0,3
frame_0025.jpg,EF-0-5,0,5,0,3
frame_0025.jpg,EF-5-10,0,5,0,3
frame_0025.jpg,EF-10-15,0,5,0,3
frame_0025.jpg,EF-15+,0,5,0,3
frame_0025.jpg,EM-0-5,0,5,0,3
frame_0025.jpg,EM-5-10,0,5,0,3
frame_0025.jpg,EM-10-15,0,5,0,3
frame_0025.jpg,EM-15+,0,5,0,3
frame_0025.jpg,SF-0-5,0,5,0,4
frame_0025.jpg,SF-5-10,0,5,0,4
frame_0025.jpg,SF-10-15,0,5,0,4
frame_0025.jpg,SF-15+,0,5,0,4
frame_0025.jpg,SM-0-5,0,5,0,3
frame_0025.jpg,SM-5-10,0,5,0,3
frame_0025.jpg,SM-10-15,0,5,0,3
frame_0025.jpg,SM-15+,0,5,0,3
frame_0026.jpg,PF-0-5,0,5,0,4
frame_0026.jpg,PF-5-10,0,5,0,3
frame_0026.jpg,PF-10-15,0,5,0,4
frame_0026.jpg,PF-15+,0,5,0,4
frame_0026.jpg,PM-0-5,0,5,0,3
frame_0026.jpg,PM-5-10,0,5,0,3
frame_0026.jpg,PM-10-15,0,5,0,4
frame_0026.jpg,PM-15+,0,5,0,4
frame_0026.jpg,EF-0-5,0,5,0,3
frame_0026.jpg,EF-5-10,0,5,0,3
frame_0026.jpg,EF-10-15,0,5,0,4
frame_0026.jpg,EF-15+,0,5,0,4
frame_0026.jpg,EM-0-5,0,5,0,3
frame_0026.jpg,EM-5-10,0,5,0,3
frame_0026.jpg,EM-10-15,0,5,0,4
frame_0026.jpg,EM-15+,0,5,0,4
frame_0026.jpg,SF-0-5,0,5,0,4
frame_0026.jpg,SF-5-10,0,5,0,4
frame_0026.jpg,SF-10-15,0,5,0,4
frame_0026.jpg,SF-15+,0,5,0,5
frame_0026.jpg,SM-0-5,0,5,0,3
frame_0026.jpg,SM-5-10,0,5,0,4
frame_0026.jpg,SM-10-15,0,5,0,4
frame_0026.jpg,SM-15+,0,5,0,4
frame_0027.jpg,PF-0-5,0,5,0,0
frame_0027.jpg,PF-5-10,0,5,0,0
frame_0027.jpg,PF-10-15,0,5,0,0
frame_0027.jpg,PF-15+,0,5,0,0
frame_0027.jpg,PM-0-5,0,5,0,0
frame_0027.jpg,PM-5-10,0,5,0,0
frame_0027.jpg,PM-10-15,0,5,0,0
frame_0027.jpg,PM-15+,0,5,0,0
frame_0027.jpg,EF-0-5,0,5,0,0
frame_0027.jpg,EF-5-10,0,5,0,0
frame_0027.jpg,EF-10-15,0,5,0,0
frame_0027.jpg,EF-15+,0,5,0,0
frame_0027.jpg,EM-0-5,0,5,0,0
frame_0027.jpg,EM-5-10,0,5,0,0
frame_0027.jpg,EM-10-15,0,5,0,0
frame_0027.jpg,EM-15+,0,5,0,0
frame_0027.jpg,SF-0-5,0,5,0,0
frame_0027.jpg,SF-5-10,0,5,0,0
frame_0027.jpg,SF-10-15,0,5,0,0
frame_0027.jpg,SF-15+,0,5,0,0
frame_0027.jpg,SM-0-5,0,5,0,0
frame_0027.jpg,SM-5-10,0,5,0,0
frame_0027.jpg,SM-10-15,0,5,0,0
frame_0027.jpg,SM-15+,0,5,0,0
frame_0028.jpg,PF-0-5,0,5,0,0
frame_0028.jpg,PF-5-10,0,4,0,0
frame_0028.jpg,PF-10-15,0,5,0,0
frame_0028.jpg,PM-0-5,0,5,0,0
frame_0028.jpg,PM-5-10,0,4,0,0
frame_0028.jpg,PM-10-15,0,5,0,0
frame_0028.jpg,EF-0-5,0,5,0,0
frame_0028.jpg,EF-5-10,0,4,0,0
frame_0028.jpg,EF-10-15,0,5,0,0
frame_0028.jpg,EM-0-5,0,5,0,0
frame_0028.jpg,EM-5-10,0,4,0,0
frame_0028.jpg,EM-10-15,0,5,0,0
frame_0028.jpg,SF-0-5,0,5,0,0
frame_0028.jpg,SF-5-10,0,4,0,0
frame_0028.jpg,SF-10-15,0,5,0,0
frame_0028.jpg,SM-0-5,0,5,0,0
frame_0028.jpg,SM-5-10,0,4,0,0
frame_0028.jpg,SM-10-15,0,5,0,0
frame_0028.jpg,SM-15+,0,5,0,0
frame_0029.jpg,PF-0-5,0,5,0,2
frame_0029.jpg,PF-5-10,0,5,0,3
frame_0029.jpg,PF-10-15,0,5,0,3
frame_0029.jpg,PM-0-5,0,5,0,1
frame_0029.jpg,PM-5-10,0,5,0,2
frame_0029.jpg,PM-10-15,0,5,0,3
frame_0029.jpg,EF-0-5,0,5,0,2
frame_0029.jpg,EF-5-10,0,5,0,3
frame_0029.jpg,EF-10-15,0,5,0,4
frame_0029.jpg,EM-0-5,0,5,0,1
frame_0029.jpg,EM-5-10,0,5,0,2
frame_0029.jpg,EM-10-15,0,5,0,3
frame_0029.jpg,SF-0-5,0,5,0,2
frame_0029.jpg,SF-5-10,0,5,0,3
frame_0029.jpg,SF-10-15,0,5,0,4
frame_0029.jpg,SM-0-5,0,5,0,1
frame_0029.jpg,SM-5-10,0,5,0,2
frame_0029.jpg,SM-10-15,0,5,0,3
frame_0029.jpg,SM-15+,0,5,0,3
frame_0030.jpg,PF-0-5,0,5,0,3
frame_0030.jpg,PF-5-10,0,5,0,3
frame_0030.jpg,PF-10-15,0,5,0,2
frame_0030.jpg,PM-0-5,0,5,0,3
frame_0030.jpg,PM-5-10,0,5,0,3
frame_0030.jpg,PM-10-15,0,5,0,2
frame_0030.jpg,EF-0-5,0,4,0,3
frame_0030.jpg,EF-5-10,0,4,0,3
frame_0030.jpg,EF-10-15,0,4,0,3
frame_0030.jpg,EM-0-5,0,4,0,3
frame_0030.jpg,EM-5-10,0,4,0,3
frame_0030.jpg,EM-10-15,0,4,0,2
frame_0030.jpg,SF-0-5,0,5,0,4
frame_0030.jpg,SF-5-10,0,5,0,4
frame_0030.jpg,SF-10-15,0,5,0,4
frame_0030.jpg,SM-0-5,0,5,0,4
frame_0030.jpg,SM-5-10,0,5,0,4
frame_0030.jpg,SM-10-15,0,5,0,3
frame_0030.jpg,SM-15+,0,5,0,3
frame_0031.jpg,PF-0-5,0,5,0,3
frame_0031.jpg,PF-5-10,0,5,0,3
frame_0031.jpg,PF-10-15,0,5,0,4
frame_0031.jpg,PM-0-5,0,5,0,3
frame_0031.jpg,PM-5-10,0,5,0,3
frame_0031.jpg,PM-10-15,0,5,0,3
frame_0031.jpg,EF-0-5,0,5,0,2
frame_0031.jpg,EF-5-10,0,5,0,2
frame_0031.jpg,EF-10-15,0,5,0,3
frame_0031.jpg,EM-0-5,0,5,0,2
frame_0031.jpg,EM-5-10,0,5,0,2
frame_0031.jpg,EM-10-15,0,5,0,2
frame_0031.jpg,SF-0-5,0,5,0,3
frame_0031.jpg,SF-5-10,0,5,0,3
frame_0031.jpg,SF-10-15,0,5,0,3
frame_0031.jpg,SM-0-5,0,5,0,3
frame_0031.jpg,SM-5-10,0,5,0,3
frame_0031.jpg,SM-10-15,0,5,0,3
frame_0031.jpg,SM-15+,0,5,0,4
frame_0032.jpg,PF-0-5,0,5,0,2
frame_0032.jpg,PF-5-10,0,5,0,3
frame_0032.jpg,PF-10-15,0,5,0,4
frame_0032.jpg,PM-0-5,0,5,0,3
frame_0032.jpg,PM-5-10,0,5,0,3
frame_0032.jpg,PM-10-15,0,5,0,4
frame_0032.jpg,EF-0-5,0,5,0,2
frame_0032.jpg,EF-5-10,0,5,0,3
frame_0032.jpg,EF-10-15,0,5,0,3
frame_0032.jpg,EM-0-5,0,5,0,3
frame_0032.jpg,EM-5-10,0,5,0,3
frame_0032.jpg,EM-10-15,0,5,0,4
frame_0032.jpg,SF-0-5,0,5,0,2
frame_0032.jpg,SF-5-10,0,5,0,3
frame_0032.jpg,SF-10-15,0,5,0,4
frame_0032.jpg,SM-0-5,0,5,0,3
frame_0032.jpg,SM-5-10,0,5,0,3
frame_0032.jpg,SM-10-15,0,5,0,4
frame_0032.jpg,SF-15+,0,5,0,4
frame_0032.jpg,SM-15+,0,5,0,4
frame_0033.jpg,PF-0-5,0,5,0,3
frame_0033.jpg,PF-5-10,0,5,0,3
frame_0033.jpg,PF-10-15,0,5,0,3
frame_0033.jpg,PF-15+,0,5,0,3
frame_0033.jpg,PM-0-5,0,5,0,3
frame_0033.jpg,PM-5-10,0,5,0,3
frame_0033.jpg,PM-10-15,0,5,0,3
frame_0033.jpg,PM-15+,0,5,0,3
frame_0033.jpg,EF-0-5,0,5,0,3
frame_0033.jpg,EF-5-10,0,5,0,3
frame_0033.jpg,EF-10-15,0,5,0,3
frame_0033.jpg,EF-15+,0,5,0,3
frame_0033.jpg,EM-0-5,0,5,0,3
frame_0033.jpg,EM-5-10,0,5,0,3
frame_0033.jpg,EM-10-15,0,5,0,3
frame_0033.jpg,EM-15+,0,5,0,3
frame_0033.jpg,SF-0-5,0,5,0,3
frame_0033.jpg,SF-5-10,0,5,0,3
frame_0033.jpg,SF-10-15,0,5,0,3
frame_0033.jpg,SF-15+,0,5,0,3
frame_0033.jpg,SM-0-5,0,5,0,3
frame_0033.jpg,SM-5-10,0,5,0,3
frame_0033.jpg,SM-10-15,0,5,0,3
frame_0033.jpg,SM-15+,0,5,0,3
frame_0000.jpg,PF-0-5,0,0,0,1
frame_0000.jpg,PF-5-10,0,0,0,1
frame_0000.jpg,PF-10-15,0,0,0,1
frame_0000.jpg,PM-0-5,0,0,0,1
frame_0000.jpg,PM-5-10,0,0,0,1
frame_0000.jpg,PM-10-15,0,0,0,1
frame_0000.jpg,EF-0-5,0,0,0,2
frame_0000.jpg,EF-5-10,0,0,0,2
frame_0000.jpg,EF-10-15,0,0,0,2
frame_0000.jpg,EM-0-5,0,0,0,1
frame_0000.jpg,EM-5-10,0,0,0,1
frame_0000.jpg,EM-10-15,0,0,0,1
frame_0000.jpg,SF-0-5,0,0,0,3
frame_0000.jpg,SF-5-10,0,0,0,3
frame_0000.jpg,SF-10-15,0,0,0,3
frame_0000.jpg,SM-0-5,0,0,0,2
frame_0000.jpg,SM-5-10,0,0,0,2
frame_0000.jpg,SM-10-15,0,0,0,2
frame_0000.jpg,SM-15+,0,0,0,2
frame_0001.jpg,PF-0-5,0,0,0,2
frame_0001.jpg,PF-5-10,0,0,0,3
frame_0001.jpg,PF-10-15,0,0,0,4
frame_0001.jpg,PM-0-5,0,0,0,2
frame_0001.jpg,PM-5-10,0,0,0,3
frame_0001.jpg,PM-10-15,0,0,0,4
frame_0001.jpg,EF-0-5,0,0,0,2
frame_0001.jpg,EF-5-10,0,0,0,3
frame_0001.jpg,EF-10-15,0,0,0,4
frame_0001.jpg,EM-0-5,0,0,0,2
frame_0001.jpg,EM-5-10,0,0,0,3
frame_0001.jpg,EM-10-15,0,0,0,4
frame_0001.jpg,SF-0-5,0,0,0,2
frame_0001.jpg,SF-5-10,0,0,0,3
frame_0001.jpg,SF-10-15,0,0,0,4
frame_0001.jpg,SM-0-5,0,0,0,2
frame_0001.jpg,SM-5-10,0,0,0,3
frame_0001.jpg,SM-10-15,0,0,0,4
frame_0001.jpg,SM-15+,0,0,0,3
frame_0001.jpg,SF-15+,0,0,0,4
frame_0002.jpg,PF-0-5,0,0,0,1
frame_0002.jpg,PM-5-10,0,0,0,2
frame_0002.jpg,SF-10-15,0,0,0,3
frame_0002.jpg,EF-0-5,0,0,0,2
frame_0002.jpg,EM-5-10,0,0,0,2
frame_0002.jpg,SF-15+,0,0,0,4
frame_0002.jpg,SM-0-5,0,0,0,1
frame_0002.jpg,SM-5-10,0,0,0,2
frame_0002.jpg,EM-10-15,0,0,0,3
frame_0002.jpg,PM-0-5,0,0,0,1
frame_0002.jpg,SF-5-10,0,0,0,3
frame_0002.jpg,PM-10-15,0,0,0,2
frame_0002.jpg,EM-15+,0,0,0,4
frame_0002.jpg,PF-5-10,0,0,0,2
frame_0002.jpg,PF-10-15,0,0,0,2
frame_0002.jpg,SM-10-15,0,0,0,3
frame_0002.jpg,PF-15+,0,0,0,3
frame_0002.jpg,EM-0-5,0,0,0,1
frame_0002.jpg,SF-0-5,0,0,0,2
frame_0002.jpg,SM-15+,0,0,0,4
frame_0002.jpg,PM-15+,0,0,0,3
frame_0002.jpg,EF-10-15,0,0,0,2
frame_0002.jpg,EF-15+,0,0,0,3
frame_0003.jpg,PF-0-5,0,0,0,2
frame_0003.jpg,PM-5-10,0,0,0,3
frame_0003.jpg,SF-10-15,0,0,0,4
frame_0003.jpg,EM-0-5,0,0,0,2
frame_0003.jpg,EF-5-10,0,0,0,3
frame_0003.jpg,SM-10-15,0,0,0,3
frame_0003.jpg,PF-5-10,0,0,0,2
frame_0003.jpg,PM-10-15,0,0,0,4
frame_0003.jpg,SF-0-5,0,0,0,3
frame_0003.jpg,EM-10-15,0,0,0,3
frame_0003.jpg,EF-0-5,0,0,0,2
frame_0003.jpg,SF-5-10,0,0,0,3
frame_0003.jpg,SM-0-5,0,0,0,3
frame_0003.jpg,EF-10-15,0,0,0,3
frame_0003.jpg,EM-5-10,0,0,0,3
frame_0003.jpg,PF-10-15,0,0,0,3
frame_0003.jpg,SM-5-10,0,0,0,3
frame_0003.jpg,PM-15+,0,0,0,4
frame_0003.jpg,SF-15+,0,0,0,4
frame_0003.jpg,EM-15+,0,0,0,3
frame_0003.jpg,SM-15+,0,0,0,4
frame_0004.jpg,PF-0-5,0,0,0,1
frame_0004.jpg,PF-5-10,0,0,0,1
frame_0004.jpg,PF-10-15,0,0,0,1
frame_0004.jpg,PM-0-5,0,0,0,1
frame_0004.jpg,PM-5-10,0,0,0,1
frame_0004.jpg,PM-10-15,0,0,0,2
frame_0004.jpg,EF-0-5,0,0,0,2
frame_0004.jpg,EF-5-10,0,0,0,2
frame_0004.jpg,EF-10-15,0,0,0,3
frame_0004.jpg,EM-0-5,0,0,0,2
frame_0004.jpg,EM-5-10,0,0,0,2
frame_0004.jpg,EM-10-15,0,0,0,3
frame_0004.jpg,SF-0-5,0,0,0,1
frame_0004.jpg,SF-5-10,0,0,0,1
frame_0004.jpg,SF-10-15,0,0,0,2
frame_0004.jpg,SF-15+,0,0,0,3
frame_0004.jpg,SM-0-5,0,0,0,1
frame_0004.jpg,SM-5-10,0,0,0,2
frame_0004.jpg,SM-10-15,0,0,0,2
frame_0004.jpg,SM-15+,0,0,0,3
frame_0005.jpg,PF-0-5,0,0,0,2
frame_0005.jpg,PF-5-10,0,0,0,3
frame_0005.jpg,PF-10-15,0,0,0,2
frame_0005.jpg,PM-0-5,0,0,0,1
frame_0005.jpg,PM-5-10,0,0,0,2
frame_0005.jpg,PM-10-15,0,0,0,3
frame_0005.jpg,EF-0-5,0,0,0,1
frame_0005.jpg,EF-5-10,0,0,0,2
frame_0005.jpg,EF-10-15,0,0,0,2
frame_0005.jpg,EM-0-5,0,0,0,1
frame_0005.jpg,EM-5-10,0,0,0,3
frame_0005.jpg,EM-10-15,0,0,0,2
frame_0005.jpg,SF-0-5,0,0,0,1
frame_0005.jpg,SF-5-10,0,0,0,2
frame_0005.jpg,SF-10-15,0,0,0,2
frame_0005.jpg,SM-0-5,0,0,0,1
frame_0005.jpg,SM-5-10,0,0,0,2
frame_0005.jpg,SM-10-15,0,0,0,3
frame_0005.jpg,SF-15+,0,0,0,3
frame_0005.jpg,SM-15+,0,0,0,3
frame_0007.jpg,PF-0-5,5,0,0,0
frame_0007.jpg,PF-5-10,5,0,0,0
frame_0007.jpg,PF-10-15,5,0,0,0
frame_0007.jpg,PM-0-5,5,0,0,0
frame_0007.jpg,PM-5-10,5,0,0,0
frame_0007.jpg,PM-10-15,5,0,0,0
frame_0007.jpg,EF-0-5,2,0,0,0
frame_0007.jpg,EF-5-10,2,0,0,0
frame_0007.jpg,EF-10-15,2,0,0,0
frame_0007.jpg,EM-0-5,2,0,0,0
frame_0007.jpg,EM-5-10,2,0,0,0
frame_0007.jpg,EM-10-15,2,0,0,0
frame_0007.jpg,SF-0-5,4,0,0,0
frame_0007.jpg,SF-5-10,4,0,0,0
frame_0007.jpg,SF-10-15,4,0,0,0
frame_0007.jpg,SM-0-5,4,0,0,0
frame_0007.jpg,SM-5-10,4,0,0,0
frame_0007.jpg,SM-10-15,4,0,0,0
frame_0007.jpg,SM-15+,4,0,0,0
frame_0008.jpg,PF-0-5,0,0,2,0
frame_0008.jpg,PF-5-10,0,0,2,0
frame_0008.jpg,PF-10-15,0,0,2,0
frame_0008.jpg,PF-15+,0,0,2,0
frame_0008.jpg,PM-0-5,0,0,2,0
frame_0008.jpg,PM-5-10,0,0,2,0
frame_0008.jpg,PM-10-15,0,0,2,0
frame_0008.jpg,PM-15+,0,0,2,0
frame_0008.jpg,EF-0-5,0,0,1,0
frame_0008.jpg,EF-5-10,0,0,1,0
frame_0008.jpg,EF-10-15,0,0,1,0
frame_0008.jpg,EF-15+,0,0,1,0
frame_0008.jpg,EM-0-5,0,0,1,0
frame_0008.jpg,EM-5-10,0,0,1,0
frame_0008.jpg,EM-10-15,0,0,1,0
frame_0008.jpg,EM-15+,0,0,1,0
frame_0008.jpg,SF-0-5,0,0,2,0
frame_0008.jpg,SF-5-10,0,0,2,0
frame_0008.jpg,SF-10-15,0,0,2,0
frame_0008.jpg,SF-15+,0,0,2,0
frame_0008.jpg,SM-0-5,0,0,2,0
frame_0008.jpg,SM-5-10,0,0,2,0
frame_0008.jpg,SM-10-15,0,0,2,0
frame_0008.jpg,SM-15+,0,0,2,0
frame_0000.jpg,PF-0-5,1,0,0,0
frame_0000.jpg,PM-5-10,2,0,0,0
frame_0000.jpg,SF-10-15,1,0,0,0
frame_0000.jpg,EF-0-5,0,0,0,1
frame_0000.jpg,EM-5-10,0,0,0,2
frame_0000.jpg,SM-10-15,1,0,0,1
frame_0000.jpg,PF-5-10,1,0,0,0
frame_0000.jpg,PM-10-15,2,0,0,0
frame_0000.jpg,SF-0-5,0,0,0,1
frame_0000.jpg,EM-0-5,1,0,0,0
frame_0000.jpg,SF-5-10,1,0,0,0
frame_0000.jpg,SM-0-5,1,0,0,0
frame_0000.jpg,PF-15+,0,0,0,1
frame_0000.jpg,PM-15+,2,0,0,0
frame_0000.jpg,EF-5-10,0,0,0,1
frame_0000.jpg,EM-10-15,0,0,0,2
frame_0000.jpg,SM-5-10,1,0,0,0
frame_0000.jpg,SF-15+,1,0,0,0
frame_0000.jpg,PF-10-15,1,0,0,0
frame_0000.jpg,PM-0-5,1,0,0,0
frame_0000.jpg,EF-10-15,0,0,0,1
frame_0000.jpg,EM-15+,0,0,0,1
frame_0000.jpg,SM-15+,1,0,0,0
frame_0001.jpg,PF-0-5,1,0,0,1
frame_0001.jpg,PF-5-10,1,0,0,1
frame_0001.jpg,PF-10-15,1,0,0,1
frame_0001.jpg,PM-0-5,1,0,0,2
frame_0001.jpg,PM-5-10,1,0,0,2
frame_0001.jpg,PM-10-15,1,0,0,2
frame_0001.jpg,EF-0-5,0,0,0,1
frame_0001.jpg,EF-5-10,0,0,0,1
frame_0001.jpg,EF-10-15,0,0,0,1
frame_0001.jpg,EM-0-5,0,0,0,2
frame_0001.jpg,EM-5-10,0,0,0,2
frame_0001.jpg,EM-10-15,0,0,0,2
frame_0001.jpg,SF-0-5,0,0,0,1
frame_0001.jpg,SF-5-10,0,0,0,1
frame_0001.jpg,SF-10-15,0,0,0,1
frame_0001.jpg,SM-0-5,0,0,0,2
frame_0001.jpg,SM-5-10,0,0,0,2
frame_0001.jpg,SM-10-15,0,0,0,2
frame_0001.jpg,SF-15+,0,0,0,2
frame_0001.jpg,SM-15+,0,0,0,2
frame_0001.jpg,EF-15+,0,0,0,2
frame_0001.jpg,EM-15+,0,0,0,2
frame_0002.jpg,PF-0-5,0,0,0,0
frame_0002.jpg,PF-5-10,0,0,0,0
frame_0002.jpg,PF-10-15,0,0,0,0
frame_0002.jpg,PF-15+,0,0,0,0
frame_0002.jpg,PM-0-5,0,0,0,0
frame_0002.jpg,PM-5-10,0,0,0,0
frame_0002.jpg,PM-10-15,0,0,0,0
frame_0002.jpg,PM-15+,0,0,0,0
frame_0002.jpg,EF-0-5,0,0,0,0
frame_0002.jpg,EF-5-10,0,0,0,0
frame_0002.jpg,EF-10-15,0,0,0,0
frame_0002.jpg,EF-15+,0,0,0,0
frame_0002.jpg,EM-0-5,0,0,0,0
frame_0002.jpg,EM-5-10,0,0,0,0
frame_0002.jpg,EM-10-15,0,0,0,0
frame_0002.jpg,EM-15+,0,0,0,0
frame_0002.jpg,SF-0-5,0,0,0,0
frame_0002.jpg,SF-5-10,0,0,0,0
frame_0002.jpg,SF-10-15,0,0,0,0
frame_0002.jpg,SF-15+,0,0,0,0
frame_0002.jpg,SM-0-5,0,0,0,0
frame_0002.jpg,SM-5-10,0,0,0,0
frame_0002.jpg,SM-10-15,0,0,0,0
frame_0002.jpg,SM-15+,0,0,0,0
frame_0003.jpg,PF-0-5,0,0,0,1
frame_0003.jpg,PF-5-10,0,0,0,2
frame_0003.jpg,PF-10-15,0,0,0,3
frame_0003.jpg,PM-0-5,0,0,0,2
frame_0003.jpg,PM-5-10,0,0,0,1
frame_0003.jpg,PM-10-15,0,0,0,2
frame_0003.jpg,EF-0-5,0,0,0,2
frame_0003.jpg,EF-5-10,0,0,0,2
frame_0003.jpg,EF-10-15,0,0,0,1
frame_0003.jpg,EM-0-5,0,0,0,1
frame_0003.jpg,EM-5-10,0,0,0,2
frame_0003.jpg,EM-10-15,0,0,0,1
frame_0003.jpg,SF-0-5,0,0,0,3
frame_0003.jpg,SF-5-10,0,0,0,2
frame_0003.jpg,SF-10-15,0,0,0,2
frame_0003.jpg,SM-0-5,0,0,0,2
frame_0003.jpg,SM-5-10,0,0,0,1
frame_0003.jpg,SM-10-15,0,0,0,2
frame_0003.jpg,SM-15+,0,0,0,1
frame_0004.jpg,PF-0-5,0,0,0,0
frame_0004.jpg,PF-5-10,0,0,0,0
frame_0004.jpg,PF-10-15,0,0,0,0
frame_0004.jpg,PF-15+,0,0,0,0
frame_0004.jpg,PM-0-5,0,0,0,0
frame_0004.jpg,PM-5-10,0,0,0,0
frame_0004.jpg,PM-10-15,0,0,0,0
frame_0004.jpg,PM-15+,0,0,0,0
frame_0004.jpg,EF-0-5,0,0,0,0
frame_0004.jpg,EF-5-10,0,0,0,0
frame_0004.jpg,EF-10-15,0,0,0,0
frame_0004.jpg,EF-15+,0,0,0,0
frame_0004.jpg,EM-0-5,0,0,0,0
frame_0004.jpg,EM-5-10,0,0,0,0
frame_0004.jpg,EM-10-15,0,0,0,0
frame_0004.jpg,EM-15+,0,0,0,0
frame_0004.jpg,SF-0-5,0,0,0,0
frame_0004.jpg,SF-5-10,0,0,0,0
frame_0004.jpg,SF-10-15,0,0,0,0
frame_0004.jpg,SF-15+,0,0,0,0
frame_0004.jpg,SM-0-5,0,0,0,0
frame_0004.jpg,SM-5-10,0,0,0,0
frame_0004.jpg,SM-10-15,0,0,0,0
frame_0004.jpg,SM-15+,0,0,0,0
frame_0005.jpg,PF-0-5,1,0,0,0
frame_0005.jpg,PM-5-10,2,0,0,1
frame_0005.jpg,SF-10-15,0,0,0,0
frame_0005.jpg,EM-0-5,0,0,0,1
frame_0005.jpg,EF-5-10,0,0,0,1
frame_0005.jpg,SM-5-10,0,0,0,0
frame_0005.jpg,SF-15+,0,0,0,1
frame_0005.jpg,PM-15+,0,0,0,2
frame_0005.jpg,EF-10-15,0,0,0,1
frame_0005.jpg,EM-15+,0,0,0,0
frame_0005.jpg,SM-0-5,0,0,0,1
frame_0005.jpg,PF-5-10,1,0,0,0
frame_0005.jpg,PM-10-15,0,0,0,1
frame_0005.jpg,SF-5-10,0,0,0,0
frame_0005.jpg,EM-10-15,0,0,0,1
frame_0005.jpg,PF-10-15,0,0,0,0
frame_0005.jpg,SF-0-5,0,0,0,1
frame_0005.jpg,SM-10-15,0,0,0,0
frame_0005.jpg,SM-15+,0,0,0,0
frame_0005.jpg,EF-15+,0,0,0,0
frame_0005.jpg,EM-5-10,0,0,0,1
frame_0005.jpg,PM-0-5,1,0,0,0
frame_0005.jpg,PF-15+,0,0,0,0
frame_0006.jpg,PF-0-5,0,0,0,0
frame_0006.jpg,PF-5-10,0,0,0,0
frame_0006.jpg,PF-10-15,0,0,0,1
frame_0006.jpg,PM-0-5,0,0,0,0
frame_0006.jpg,PM-5-10,0,0,0,0
frame_0006.jpg,PM-10-15,0,0,0,1
frame_0006.jpg,EM-0-5,0,0,0,0
frame_0006.jpg,EM-5-10,0,0,0,0
frame_0006.jpg,EM-10-15,0,0,0,0
frame_0006.jpg,SF-0-5,0,0,0,0
frame_0006.jpg,SF-5-10,0,0,0,0
frame_0006.jpg,SF-10-15,0,0,0,1
frame_0006.jpg,SM-0-5,0,0,0,0
frame_0006.jpg,SM-5-10,0,0,0,0
frame_0006.jpg,SM-10-15,0,0,0,0
frame_0006.jpg,SM-15+,0,0,0,0
frame_0006.jpg,EF-0-5,0,0,0,0
frame_0006.jpg,EF-5-10,0,0,0,0
frame_0006.jpg,EF-10-15,0,0,0,1
frame_0006.jpg,EF-15+,0,0,0,1
frame_0006.jpg,EM-0-5,0,0,0,0
frame_0006.jpg,EM-5-10,0,0,0,0
frame_0006.jpg,EM-10-15,0,0,0,0
frame_0006.jpg,SM-10-15,0,0,0,0
frame_0007.jpg,PF-0-5,5,0,0,0
frame_0007.jpg,PM-5-10,5,0,0,1
frame_0007.jpg,SF-10-15,5,0,0,0
frame_0007.jpg,EF-0-5,0,0,0,2
frame_0007.jpg,EM-5-10,0,0,0,1
frame_0007.jpg,SM-10-15,0,0,0,1
frame_0007.jpg,PF-5-10,5,0,0,0
frame_0007.jpg,PM-0-5,5,0,0,0
frame_0007.jpg,SF-0-5,5,0,0,0
frame_0007.jpg,EF-5-10,0,0,0,1
frame_0007.jpg,EM-0-5,0,0,0,2
frame_0007.jpg,SM-0-5,0,0,0,1
frame_0007.jpg,PF-10-15,5,0,0,0
frame_0007.jpg,PM-10-15,5,0,0,0
frame_0007.jpg,SF-15+,5,0,0,0
frame_0007.jpg,EM-15+,0,0,0,2
frame_0007.jpg,SM-15+,0,0,0,1
frame_0007.jpg,PF-15+,5,0,0,0
frame_0007.jpg,PM-15+,5,0,0,0
frame_0007.jpg,SF-5-10,5,0,0,0
frame_0007.jpg,EM-10-15,0,0,0,1
frame_0007.jpg,SM-5-10,0,0,0,1
frame_0008.jpg,PF-0-5,5,0,0,0
frame_0008.jpg,PM-5-10,5,0,0,0
frame_0008.jpg,SF-10-15,5,0,0,0
frame_0008.jpg,EF-0-5,5,0,0,0
frame_0008.jpg,EM-5-10,5,0,0,0
frame_0008.jpg,SM-10-15,5,0,0,0
frame_0008.jpg,PF-5-10,5,0,0,0
frame_0008.jpg,PM-10-15,5,0,0,0
frame_0008.jpg,SF-0-5,5,0,0,0
frame_0008.jpg,EM-10-15,5,0,0,0
frame_0008.jpg,SF-5-10,5,0,0,0
frame_0008.jpg,SM-0-5,5,0,0,0
frame_0008.jpg,EF-5-10,5,0,0,0
frame_0008.jpg,EM-15+,5,0,0,0
frame_0008.jpg,PF-10-15,5,0,0,0
frame_0008.jpg,SM-5-10,5,0,0,0
frame_0008.jpg,SF-15+,5,0,0,0
frame_0008.jpg,PM-0-5,5,0,0,0
frame_0008.jpg,PM-15+,5,0,0,0
frame_0008.jpg,EF-10-15,5,0,0,0
frame_0008.jpg,SM-15+,5,0,0,0
frame_0008.jpg,EM-0-5,5,0,0,0
frame_0009.jpg,PF-0-5,0,0,0,0
frame_0009.jpg,PF-5-10,0,0,0,1
frame_0009.jpg,PF-10-15,0,0,0,2
frame_0009.jpg,PM-0-5,0,0,0,0
frame_0009.jpg,PM-5-10,0,0,0,1
frame_0009.jpg,PM-10-15,0,0,0,2
frame_0009.jpg,EF-0-5,0,0,0,0
frame_0009.jpg,EF-5-10,0,0,0,1
frame_0009.jpg,EF-10-15,0,0,0,2
frame_0009.jpg,EM-0-5,0,0,0,0
frame_0009.jpg,EM-5-10,0,0,0,1
frame_0009.jpg,EM-10-15,0,0,0,2
frame_0009.jpg,SF-0-5,0,0,0,0
frame_0009.jpg,SF-5-10,0,0,0,1
frame_0009.jpg,SF-10-15,0,0,0,2
frame_0009.jpg,SM-0-5,0,0,0,0
frame_0009.jpg,SM-5-10,0,0,0,1
frame_0009.jpg,SM-10-15,0,0,0,2
frame_0009.jpg,SM-15+,0,0,0,2
frame_0009.jpg,SF-15+,0,0,0,2
frame_0010.jpg,PF-0-5,5,0,0,0
frame_0010.jpg,PF-5-10,5,0,0,0
frame_0010.jpg,PF-10-15,5,0,0,0
frame_0010.jpg,PF-15+,5,0,0,0
frame_0010.jpg,PM-0-5,5,0,0,0
frame_0010.jpg,PM-5-10,5,0,0,0
frame_0010.jpg,PM-10-15,5,0,0,0
frame_0010.jpg,PM-15+,5,0,0,0
frame_0010.jpg,EF-0-5,5,0,0,0
frame_0010.jpg,EF-5-10,5,0,0,0
frame_0010.jpg,EF-10-15,5,0,0,0
frame_0010.jpg,EF-15+,5,0,0,0
frame_0010.jpg,EM-0-5,5,0,0,0
frame_0010.jpg,EM-5-10,5,0,0,0
frame_0010.jpg,EM-10-15,5,0,0,0
frame_0010.jpg,EM-15+,5,0,0,0
frame_0010.jpg,SF-0-5,5,0,0,0
frame_0010.jpg,SF-5-10,5,0,0,0
frame_0010.jpg,SF-10-15,5,0,0,0
frame_0010.jpg,SF-15+,5,0,0,0
frame_0010.jpg,SM-0-5,5,0,0,0
frame_0010.jpg,SM-5-10,5,0,0,0
frame_0010.jpg,SM-10-15,5,0,0,0
frame_0010.jpg,SM-15+,5,0,0,0
frame_0012.jpg,PF-0-5,0,0,0,0
frame_0012.jpg,PF-5-10,0,0,0,1
frame_0012.jpg,PF-10-15,0,0,0,1
frame_0012.jpg,PF-15+,0,0,0,2
frame_0012.jpg,PM-0-5,0,0,0,0
frame_0012.jpg,PM-5-10,0,0,0,1
frame_0012.jpg,PM-10-15,0,0,0,2
frame_0012.jpg,PM-15+,0,0,0,2
frame_0012.jpg,EF-0-5,0,0,0,1
frame_0012.jpg,EF-5-10,0,0,0,1
frame_0012.jpg,EF-10-15,0,0,0,2
frame_0012.jpg,EF-15+,0,0,0,3
frame_0012.jpg,EM-0-5,0,0,0,0
frame_0012.jpg,EM-5-10,0,0,0,1
frame_0012.jpg,EM-10-15,0,0,0,2
frame_0012.jpg,EM-15+,0,0,0,2
frame_0012.jpg,SF-0-5,0,0,0,1
frame_0012.jpg,SF-5-10,0,0,0,1
frame_0012.jpg,SF-10-15,0,0,0,2
frame_0012.jpg,SF-15+,0,0,0,3
frame_0012.jpg,SM-0-5,0,0,0,0
frame_0012.jpg,SM-5-10,0,0,0,1
frame_0012.jpg,SM-10-15,0,0,0,2
frame_0012.jpg,SM-15+,0,0,0,2
frame_0000.jpg,PF-0-5,0,0,0,0
frame_0000.jpg,PF-5-10,0,0,0,0
frame_0000.jpg,PF-10-15,0,0,0,0
frame_0000.jpg,PF-15+,0,0,0,0
frame_0000.jpg,PM-0-5,0,0,0,0
frame_0000.jpg,PM-5-10,0,0,0,0
frame_0000.jpg,PM-10-15,0,0,0,0
frame_0000.jpg,PM-15+,0,0,0,0
frame_0000.jpg,EF-0-5,0,0,0,0
frame_0000.jpg,EF-5-10,0,0,0,0
frame_0000.jpg,EF-10-15,0,0,0,0
frame_0000.jpg,EF-15+,0,0,0,0
frame_0000.jpg,EM-0-5,0,0,0,0
frame_0000.jpg,EM-5-10,0,0,0,0
frame_0000.jpg,EM-10-15,0,0,0,0
frame_0000.jpg,EM-15+,0,0,0,0
frame_0000.jpg,SF-0-5,0,0,0,0
frame_0000.jpg,SF-5-10,0,0,0,0
frame_0000.jpg,SF-10-15,0,0,0,0
frame_0000.jpg,SF-15+,0,0,0,0
frame_0000.jpg,SM-0-5,0,0,0,0
frame_0000.jpg,SM-5-10,0,0,0,0
frame_0000.jpg,SM-10-15,0,0,0,0
frame_0000.jpg,SM-15+,0,0,0,0
frame_0001.jpg,PF-0-5,0,0,0,0
frame_0001.jpg,PM-5-10,0,0,0,0
frame_0001.jpg,SF-0-5,0,0,0,0
frame_0001.jpg,EM-10-15,0,0,0,0
frame_0001.jpg,SM-15+,0,0,0,0
frame_0001.jpg,EF-5-10,0,0,0,0
frame_0001.jpg,PM-0-5,0,0,0,0
frame_0001.jpg,SF-10-15,0,0,0,0
frame_0001.jpg,SM-10-15,0,0,0,0
frame_0001.jpg,EM-5-10,0,0,0,0
frame_0001.jpg,PF-10-15,0,0,0,0
frame_0001.jpg,EF-0-5,0,0,0,0
frame_0001.jpg,SM-5-10,0,0,0,0
frame_0001.jpg,SF-5-10,0,0,0,0
frame_0001.jpg,PF-15+,0,0,0,0
frame_0001.jpg,EM-15+,0,0,0,0
frame_0001.jpg,PM-10-15,0,0,0,0
frame_0001.jpg,SF-15+,0,0,0,0
frame_0001.jpg,SM-0-5,0,0,0,0
frame_0001.jpg,EF-15+,0,0,0,0
frame_0001.jpg,PM-15+,0,0,0,0
frame_0001.jpg,EM-0-5,0,0,0,0
frame_0002.jpg,PF-0-5,0,0,0,0
frame_0002.jpg,PF-5-10,0,0,0,0
frame_0002.jpg,PF-10-15,0,0,0,0
frame_0002.jpg,PF-15+,0,0,0,0
frame_0002.jpg,PM-0-5,0,0,0,0
frame_0002.jpg,PM-5-10,0,0,0,0
frame_0002.jpg,PM-10-15,0,0,0,0
frame_0002.jpg,PM-15+,0,0,0,0
frame_0002.jpg,EF-0-5,0,0,0,0
frame_0002.jpg,EF-5-10,0,0,0,0
frame_0002.jpg,EF-10-15,0,0,0,0
frame_0002.jpg,EF-15+,0,0,0,0
frame_0002.jpg,EM-0-5,0,0,0,0
frame_0002.jpg,EM-5-10,0,0,0,0
frame_0002.jpg,EM-10-15,0,0,0,0
frame_0002.jpg,EM-15+,0,0,0,0
frame_0002.jpg,SF-0-5,0,0,0,0
frame_0002.jpg,SF-5-10,0,0,0,0
frame_0002.jpg,SF-10-15,0,0,0,0
frame_0002.jpg,SF-15+,0,0,0,0
frame_0002.jpg,SM-0-5,0,0,0,0
frame_0002.jpg,SM-5-10,0,0,0,0
frame_0002.jpg,SM-10-15,0,0,0,0
frame_0002.jpg,SM-15+,0,0,0,0
frame_0003.jpg,PF-0-5,0,0,0,0
frame_0003.jpg,PF-5-10,0,0,0,0
frame_0003.jpg,PF-10-15,0,0,0,0
frame_0003.jpg,PF-15+,0,0,0,0
frame_0003.jpg,PM-0-5,0,0,0,0
frame_0003.jpg,PM-5-10,0,0,0,0
frame_0003.jpg,PM-10-15,0,0,0,0
frame_0003.jpg,PM-15+,0,0,0,0
frame_0003.jpg,EF-0-5,0,0,0,0
frame_0003.jpg,EF-5-10,0,0,0,0
frame_0003.jpg,EF-10-15,0,0,0,0
frame_0003.jpg,EF-15+,0,0,0,0
frame_0003.jpg,EM-0-5,0,0,0,0
frame_0003.jpg,EM-5-10,0,0,0,0
frame_0003.jpg,EM-10-15,0,0,0,0
frame_0003.jpg,EM-15+,0,0,0,0
frame_0003.jpg,SF-0-5,0,0,0,0
frame_0003.jpg,SF-5-10,0,0,0,0
frame_0003.jpg,SF-10-15,0,0,0,0
frame_0003.jpg,SF-15+,0,0,0,0
frame_0003.jpg,SM-0-5,0,0,0,0
frame_0003.jpg,SM-5-10,0,0,0,0
frame_0003.jpg,SM-10-15,0,0,0,0
frame_0003.jpg,SM-15+,0,0,0,0
frame_0005.jpg,PF-0-5,0,0,0,0
frame_0005.jpg,PM-0-5,0,0,0,0
frame_0005.jpg,SF-0-5,0,0,0,0
frame_0005.jpg,PF-5-10,0,0,0,0
frame_0005.jpg,PM-5-10,0,0,0,0
frame_0005.jpg,SF-5-10,0,0,0,0
frame_0005.jpg,PF-10-15,0,0,0,0
frame_0005.jpg,PM-10-15,0,0,0,0
frame_0005.jpg,SF-10-15,0,0,0,0
frame_0005.jpg,PF-15+,0,0,0,0
frame_0005.jpg,PM-15+,0,0,0,0
frame_0005.jpg,SF-15+,0,0,0,0
frame_0005.jpg,EF-0-5,0,0,0,0
frame_0005.jpg,EM-0-5,0,0,0,0
frame_0005.jpg,EF-5-10,0,0,0,0
frame_0005.jpg,EM-5-10,0,0,0,0
frame_0005.jpg,EF-10-15,0,0,0,0
frame_0005.jpg,EM-10-15,0,0,0,0
frame_0005.jpg,EF-15+,0,0,0,0
frame_0005.jpg,EM-15+,0,0,0,0
frame_0005.jpg,SF-0-5,0,0,0,0
frame_0005.jpg,SM-0-5,0,0,0,0
frame_0005.jpg,SF-5-10,0,0,0,0
frame_0005.jpg,SM-5-10,0,0,0,0
frame_0005.jpg,SF-10-15,0,0,0,0
frame_0005.jpg,SM-10-15,0,0,0,0
frame_0005.jpg,SF-15+,0,0,0,0
frame_0005.jpg,SM-15+,0,0,0,0
frame_0006.jpg,PF-0-5,0,0,0,0
frame_0006.jpg,PF-5-10,0,0,0,0
frame_0006.jpg,PF-10-15,0,0,0,0
frame_0006.jpg,PF-15+,0,0,0,0
frame_0006.jpg,PM-0-5,0,0,0,0
frame_0006.jpg,PM-5-10,0,0,0,0
frame_0006.jpg,PM-10-15,0,0,0,0
frame_0006.jpg,PM-15+,0,0,0,0
frame_0006.jpg,EF-0-5,0,0,0,0
frame_0006.jpg,EF-5-10,0,0,0,0
frame_0006.jpg,EF-10-15,0,0,0,0
frame_0006.jpg,EF-15+,0,0,0,0
frame_0006.jpg,EM-0-5,0,0,0,0
frame_0006.jpg,EM-5-10,0,0,0,0
frame_0006.jpg,EM-10-15,0,0,0,0
frame_0006.jpg,EM-15+,0,0,0,0
frame_0006.jpg,SF-0-5,0,0,0,0
frame_0006.jpg,SF-5-10,0,0,0,0
frame_0006.jpg,SF-10-15,0,0,0,0
frame_0006.jpg,SF-15+,0,0,0,0
frame_0006.jpg,SM-0-5,0,0,0,0
frame_0006.jpg,SM-5-10,0,0,0,0
frame_0006.jpg,SM-10-15,0,0,0,0
frame_0006.jpg,SM-15+,0,0,0,0
frame_0007.jpg,PF-0-5,0,0,0,0
frame_0007.jpg,PF-5-10,0,0,0,0
frame_0007.jpg,PF-10-15,0,0,0,0
frame_0007.jpg,PF-15+,0,0,0,0
frame_0007.jpg,PM-0-5,0,0,0,0
frame_0007.jpg,PM-5-10,0,0,0,0
frame_0007.jpg,PM-10-15,0,0,0,0
frame_0007.jpg,PM-15+,0,0,0,0
frame_0007.jpg,EF-0-5,0,0,0,0
frame_0007.jpg,EF-5-10,0,0,0,0
frame_0007.jpg,EF-10-15,0,0,0,0
frame_0007.jpg,EF-15+,0,0,0,0
frame_0007.jpg,EM-0-5,0,0,0,0
frame_0007.jpg,EM-5-10,0,0,0,0
frame_0007.jpg,EM-10-15,0,0,0,0
frame_0007.jpg,EM-15+,0,0,0,0
frame_0007.jpg,SF-0-5,0,0,0,0
frame_0007.jpg,SF-5-10,0,0,0,0
frame_0007.jpg,SF-10-15,0,0,0,0
frame_0007.jpg,SF-15+,0,0,0,0
frame_0007.jpg,SM-0-5,0,0,0,0
frame_0007.jpg,SM-5-10,0,0,0,0
frame_0007.jpg,SM-10-15,0,0,0,0
frame_0007.jpg,SM-15+,0,0,0,0
frame_0008.jpg,PF-0-5,0,0,0,0
frame_0008.jpg,PF-5-10,0,0,0,0
frame_0008.jpg,PF-10-15,0,0,0,0
frame_0008.jpg,PF-15+,0,0,0,0
frame_0008.jpg,PM-0-5,0,0,0,0
frame_0008.jpg,PM-5-10,0,0,0,0
frame_0008.jpg,PM-10-15,0,0,0,0
frame_0008.jpg,PM-15+,0,0,0,0
frame_0008.jpg,EF-0-5,0,0,0,0
frame_0008.jpg,EF-5-10,0,0,0,0
frame_0008.jpg,EF-10-15,0,0,0,0
frame_0008.jpg,EF-15+,0,0,0,0
frame_0008.jpg,EM-0-5,0,0,0,0
frame_0008.jpg,EM-5-10,0,0,0,0
frame_0008.jpg,EM-10-15,0,0,0,0
frame_0008.jpg,EM-15+,0,0,0,0
frame_0008.jpg,SF-0-5,0,0,0,0
frame_0008.jpg,SF-5-10,0,0,0,0
frame_0008.jpg,SF-10-15,0,0,0,0
frame_0008.jpg,SF-15+,0,0,0,0
frame_0008.jpg,SM-0-5,0,0,0,0
frame_0008.jpg,SM-5-10,0,0,0,0
frame_0008.jpg,SM-10-15,0,0,0,0
frame_0008.jpg,SM-15+,0,0,0,0
frame_0000.jpg,PF-0-5,0,2,0,3
frame_0000.jpg,PF-5-10,0,2,0,4
frame_0000.jpg,PF-10-15,0,1,0,4
frame_0000.jpg,PM-0-5,0,3,0,3
frame_0000.jpg,PM-5-10,0,2,0,3
frame_0000.jpg,PM-10-15,0,2,0,3
frame_0000.jpg,EF-0-5,0,1,0,4
frame_0000.jpg,EF-5-10,0,1,0,3
frame_0000.jpg,EF-10-15,0,0,0,4
frame_0000.jpg,EM-0-5,0,2,0,3
frame_0000.jpg,EM-5-10,0,1,0,3
frame_0000.jpg,EM-10-15,0,1,0,2
frame_0000.jpg,SF-0-5,0,2,0,4
frame_0000.jpg,SF-5-10,0,2,0,4
frame_0000.jpg,SF-10-15,0,2,0,4
frame_0000.jpg,SM-0-5,0,3,0,3
frame_0000.jpg,SM-5-10,0,2,0,3
frame_0000.jpg,SM-10-15,0,2,0,3
frame_0000.jpg,SM-15+,0,2,0,3
frame_0001.jpg,PF-0-5,0,0,0,1
frame_0001.jpg,PF-5-10,0,0,0,1
frame_0001.jpg,PF-10-15,0,0,0,2
frame_0001.jpg,PM-0-5,0,0,0,2
frame_0001.jpg,PM-5-10,0,0,0,1
frame_0001.jpg,PM-10-15,0,0,0,1
frame_0001.jpg,EF-0-5,0,0,0,2
frame_0001.jpg,EF-5-10,0,0,0,1
frame_0001.jpg,EF-10-15,0,0,0,1
frame_0001.jpg,EM-0-5,0,0,0,2
frame_0001.jpg,EM-5-10,0,0,0,1
frame_0001.jpg,EM-10-15,0,0,0,1
frame_0001.jpg,SF-0-5,0,0,0,2
frame_0001.jpg,SF-5-10,0,0,0,2
frame_0001.jpg,SF-10-15,0,0,0,2
frame_0001.jpg,SM-0-5,0,0,0,2
frame_0001.jpg,SM-5-10,0,0,0,2
frame_0001.jpg,SM-10-15,0,0,0,1
frame_0001.jpg,SM-15+,0,0,0,1
frame_0002.jpg,PF-0-5,0,0,0,1
frame_0002.jpg,PM-5-10,0,0,0,2
frame_0002.jpg,SF-10-15,0,0,0,3
frame_0002.jpg,EF-0-5,0,0,0,1
frame_0002.jpg,EM-5-10,0,0,0,2
frame_0002.jpg,SF-5-10,0,0,0,3
frame_0002.jpg,PF-15+,0,0,0,2
frame_0002.jpg,EM-10-15,0,0,0,2
frame_0002.jpg,SM-5-10,0,0,0,1
frame_0002.jpg,PM-10-15,0,0,0,2
frame_0002.jpg,SM-0-5,0,0,0,1
frame_0002.jpg,SF-0-5,0,0,0,1
frame_0002.jpg,EF-10-15,0,0,0,2
frame_0002.jpg,SM-15+,0,0,0,1
frame_0002.jpg,EM-15+,0,0,0,2
frame_0002.jpg,PF-10-15,0,0,0,2
frame_0002.jpg,SM-10-15,0,0,0,2
frame_0002.jpg,PM-15+,0,0,0,2
frame_0002.jpg,SF-15+,0,0,0,3
frame_0002.jpg,EF-5-10,0,0,0,1
frame_0002.jpg,EM-0-5,0,0,0,2
frame_0002.jpg,PF-5-10,0,0,0,1
frame_0003.jpg,PF-0-5,0,0,0,2
frame_0003.jpg,PM-5-10,0,0,0,2
frame_0003.jpg,SF-0-5,0,0,0,1
frame_0003.jpg,EF-0-5,0,0,0,2
frame_0003.jpg,EM-0-5,0,0,0,2
frame_0003.jpg,SM-0-5,0,0,0,2
frame_0003.jpg,PF-5-10,0,0,0,2
frame_0003.jpg,PM-10-15,0,0,0,1
frame_0003.jpg,SF-5-10,0,0,0,1
frame_0003.jpg,EM-5-10,0,0,0,2
frame_0003.jpg,SM-5-10,0,0,0,2
frame_0003.jpg,PF-10-15,0,0,0,2
frame_0003.jpg,PM-15+,0,0,0,1
frame_0003.jpg,SF-10-15,0,0,0,1
frame_0003.jpg,EM-10-15,0,0,0,2
frame_0003.jpg,SM-10-15,0,0,0,2
frame_0003.jpg,PF-15+,0,0,0,2
frame_0003.jpg,PM-0-5,0,0,0,2
frame_0003.jpg,SF-15+,0,0,0,2
frame_0003.jpg,EM-15+,0,0,0,2
frame_0003.jpg,SM-15+,0,0,0,2
frame_0004.jpg,PF-0-5,2,0,0,0
frame_0004.jpg,PF-5-10,2,0,0,0
frame_0004.jpg,PF-10-15,1,0,0,0
frame_0004.jpg,PM-0-5,2,0,0,0
frame_0004.jpg,PM-5-10,2,0,0,0
frame_0004.jpg,PM-10-15,1,0,0,0
frame_0004.jpg,EF-0-5,1,0,0,1
frame_0004.jpg,EF-5-10,1,0,0,1
frame_0004.jpg,EF-10-15,0,0,0,2
frame_0004.jpg,EM-0-5,1,0,0,1
frame_0004.jpg,EM-5-10,1,0,0,1
frame_0004.jpg,EM-10-15,0,0,0,2
frame_0004.jpg,SF-0-5,2,0,0,0
frame_0004.jpg,SF-5-10,2,0,0,0
frame_0004.jpg,SF-10-15,1,0,0,0
frame_0004.jpg,SM-0-5,2,0,0,0
frame_0004.jpg,SM-5-10,2,0,0,0
frame_0004.jpg,SM-10-15,1,0,0,0
frame_0004.jpg,SF-15+,0,0,0,1
frame_0004.jpg,SM-15+,0,0,0,1
frame_0005.jpg,PF-0-5,4,0,0,2
frame_0005.jpg,PF-5-10,4,0,0,2
frame_0005.jpg,PF-10-15,4,0,0,2
frame_0005.jpg,PF-15+,4,0,0,1
frame_0005.jpg,PM-0-5,4,0,0,3
frame_0005.jpg,PM-5-10,4,0,0,2
frame_0005.jpg,PM-10-15,4,0,0,2
frame_0005.jpg,PM-15+,4,0,0,2
frame_0005.jpg,EF-0-5,4,0,0,3
frame_0005.jpg,EF-5-10,4,0,0,2
frame_0005.jpg,EF-10-15,4,0,0,2
frame_0005.jpg,EF-15+,4,0,0,2
frame_0005.jpg,EM-0-5,4,0,0,3
frame_0005.jpg,EM-5-10,4,0,0,2
frame_0005.jpg,EM-10-15,4,0,0,2
frame_0005.jpg,EM-15+,4,0,0,2
frame_0005.jpg,SF-0-5,4,0,0,3
frame_0005.jpg,SF-5-10,4,0,0,2
frame_0005.jpg,SF-10-15,4,0,0,2
frame_0005.jpg,SF-15+,4,0,0,2
frame_0005.jpg,SM-0-5,4,0,0,3
frame_0005.jpg,SM-5-10,4,0,0,2
frame_0005.jpg,SM-10-15,4,0,0,2
frame_0005.jpg,SM-15+,4,0,0,2
frame_0006.jpg,PF-0-5,5,0,0,3
frame_0006.jpg,PM-5-10,5,0,0,4
frame_0006.jpg,SF-10-15,5,0,0,2
frame_0006.jpg,EF-0-5,3,0,0,2
frame_0006.jpg,EM-5-10,4,0,0,3
frame_0006.jpg,SF-0-5,4,0,0,3
frame_0006.jpg,SM-10-15,5,0,0,3
frame_0006.jpg,EF-5-10,3,0,0,2
frame_0006.jpg,EM-0-5,4,0,0,2
frame_0006.jpg,PF-5-10,5,0,0,3
frame_0006.jpg,PM-0-5,5,0,0,3
frame_0006.jpg,SF-5-10,5,0,0,2
frame_0006.jpg,SM-5-10,5,0,0,3
frame_0006.jpg,EM-10-15,4,0,0,2
frame_0006.jpg,PF-10-15,5,0,0,3
frame_0006.jpg,PM-10-15,5,0,0,3
frame_0006.jpg,SF-15+,5,0,0,2
frame_0006.jpg,SM-15+,5,0,0,2
frame_0006.jpg,EF-10-15,4,0,0,3
frame_0006.jpg,EM-15+,4,0,0,3
frame_0006.jpg,PF-15+,5,0,0,3
frame_0006.jpg,PM-15+,5,0,0,3
frame_0007.jpg,PF-0-5,4,0,0,0
frame_0007.jpg,PF-5-10,4,0,0,0
frame_0007.jpg,PF-10-15,4,0,0,0
frame_0007.jpg,PF-15+,4,0,0,0
frame_0007.jpg,PM-0-5,4,0,0,0
frame_0007.jpg,PM-5-10,4,0,0,0
frame_0007.jpg,PM-10-15,4,0,0,0
frame_0007.jpg,PM-15+,4,0,0,0
frame_0007.jpg,EF-0-5,4,0,0,0
frame_0007.jpg,EF-5-10,4,0,0,0
frame_0007.jpg,EF-10-15,4,0,0,0
frame_0007.jpg,EF-15+,4,0,0,0
frame_0007.jpg,EM-0-5,4,0,0,0
frame_0007.jpg,EM-5-10,4,0,0,0
frame_0007.jpg,EM-10-15,4,0,0,0
frame_0007.jpg,EM-15+,4,0,0,0
frame_0007.jpg,SF-0-5,4,0,0,0
frame_0007.jpg,SF-5-10,4,0,0,0
frame_0007.jpg,SF-10-15,4,0,0,0
frame_0007.jpg,SF-15+,4,0,0,0
frame_0007.jpg,SM-0-5,4,0,0,0
frame_0007.jpg,SM-5-10,4,0,0,0
frame_0007.jpg,SM-10-15,4,0,0,0
frame_0007.jpg,SM-15+,4,0,0,0
frame_0008.jpg,PF-0-5,5,0,0,2
frame_0008.jpg,PF-5-10,5,0,0,2
frame_0008.jpg,PF-10-15,5,0,0,3
frame_0008.jpg,PM-0-5,5,0,0,2
frame_0008.jpg,PM-5-10,5,0,0,2
frame_0008.jpg,PM-10-15,5,0,0,3
frame_0008.jpg,EF-0-5,3,0,0,2
frame_0008.jpg,EF-5-10,3,0,0,2
frame_0008.jpg,EF-10-15,3,0,0,3
frame_0008.jpg,EM-0-5,3,0,0,2
frame_0008.jpg,EM-5-10,3,0,0,2
frame_0008.jpg,EM-10-15,3,0,0,3
frame_0008.jpg,SF-0-5,5,0,0,2
frame_0008.jpg,SF-5-10,5,0,0,2
frame_0008.jpg,SF-10-15,5,0,0,3
frame_0008.jpg,SM-0-5,5,0,0,2
frame_0008.jpg,SM-5-10,5,0,0,2
frame_0008.jpg,SM-10-15,5,0,0,3
frame_0008.jpg,SM-15+,5,0,0,3
frame_0009.jpg,PF-0-5,0,0,0,1
frame_0009.jpg,PF-5-10,0,0,0,2
frame_0009.jpg,PF-10-15,0,0,0,2
frame_0009.jpg,PM-0-5,0,0,0,1
frame_0009.jpg,PM-5-10,0,0,0,2
frame_0009.jpg,PM-10-15,0,0,0,3
frame_0009.jpg,EM-0-5,0,0,0,2
frame_0009.jpg,EM-5-10,0,0,0,3
frame_0009.jpg,EM-10-15,0,0,0,4
frame_0009.jpg,SF-0-5,0,0,0,1
frame_0009.jpg,SF-5-10,0,0,0,2
frame_0009.jpg,SF-10-15,0,0,0,3
frame_0009.jpg,SM-0-5,0,0,0,2
frame_0009.jpg,SM-5-10,0,0,0,3
frame_0009.jpg,SM-10-15,0,0,0,3
frame_0009.jpg,SF-15+,0,0,0,2
frame_0009.jpg,SM-15+,0,0,0,3
frame_0009.jpg,EF-0-5,0,0,0,2
frame_0009.jpg,EF-5-10,0,0,0,3
frame_0009.jpg,EF-10-15,0,0,0,4
frame_0009.jpg,EF-15+,0,0,0,3
frame_0009.jpg,EM-15+,0,0,0,3
frame_0009.jpg,SM-0-5,0,0,0,2
frame_0009.jpg,SM-5-10,0,0,0,3
frame_0009.jpg,SM-10-15,0,0,0,3
frame_0010.jpg,PF-0-5,0,0,0,1
frame_0010.jpg,PM-5-10,0,0,0,2
frame_0010.jpg,SF-10-15,0,0,0,2
frame_0010.jpg,EF-0-5,0,0,0,1
frame_0010.jpg,EM-10-15,0,0,0,1
frame_0010.jpg,SF-15+,0,0,0,3
frame_0010.jpg,SM-0-5,0,0,0,1
frame_0010.jpg,PF-10-15,0,0,0,2
frame_0010.jpg,PM-15+,0,0,0,2
frame_0010.jpg,EM-5-10,0,0,0,2
frame_0010.jpg,SM-5-10,0,0,0,1
frame_0010.jpg,SF-0-5,0,0,0,1
frame_0010.jpg,EF-5-10,0,0,0,1
frame_0010.jpg,SM-15+,0,0,0,3
frame_0010.jpg,EM-15+,0,0,0,2
frame_0010.jpg,PF-15+,0,0,0,3
frame_0010.jpg,PM-0-5,0,0,0,1
frame_0010.jpg,SF-5-10,0,0,0,2
frame_0010.jpg,EF-10-15,0,0,0,2
frame_0010.jpg,SM-10-15,0,0,0,2
frame_0010.jpg,PM-10-15,0,0,0,2
frame_0011.jpg,PF-0-5,2,0,0,1
frame_0011.jpg,PM-5-10,1,0,0,2
frame_0011.jpg,SF-10-15,1,0,0,3
frame_0011.jpg,EF-0-5,0,0,0,2
frame_0011.jpg,EM-5-10,0,0,0,2
frame_0011.jpg,SF-5-10,0,0,0,3
frame_0011.jpg,SM-10-15,0,0,0,1
frame_0011.jpg,PF-5-10,1,0,0,1
frame_0011.jpg,EM-0-5,1,0,0,2
frame_0011.jpg,PF-10-15,0,0,0,1
frame_0011.jpg,SM-5-10,0,0,0,2
frame_0011.jpg,EF-10-15,0,0,0,3
frame_0011.jpg,PM-15+,1,0,0,1
frame_0011.jpg,SM-0-5,0,0,0,2
frame_0011.jpg,EM-15+,0,0,0,1
frame_0011.jpg,SF-15+,0,0,0,2
frame_0011.jpg,PF-15+,0,0,0,3
frame_0011.jpg,SM-15+,0,0,0,2
frame_0011.jpg,EF-5-10,0,0,0,2
frame_0011.jpg,PM-10-15,1,0,0,2
frame_0011.jpg,EM-10-15,0,0,0,2
frame_0011.jpg,SF-0-5,1,0,0,3
frame_0012.jpg,PF-0-5,2,0,0,1
frame_0012.jpg,PF-5-10,1,0,0,2
frame_0012.jpg,PF-10-15,1,0,0,3
frame_0012.jpg,PM-0-5,2,0,0,1
frame_0012.jpg,PM-5-10,1,0,0,2
frame_0012.jpg,PM-10-15,1,0,0,3
frame_0012.jpg,EF-0-5,2,0,0,1
frame_0012.jpg,EF-5-10,1,0,0,2
frame_0012.jpg,EF-10-15,1,0,0,3
frame_0012.jpg,EM-0-5,2,0,0,1
frame_0012.jpg,EM-5-10,1,0,0,2
frame_0012.jpg,EM-10-15,1,0,0,3
frame_0012.jpg,SF-0-5,2,0,0,1
frame_0012.jpg,SF-5-10,1,0,0,2
frame_0012.jpg,SF-10-15,1,0,0,3
frame_0012.jpg,SM-0-5,2,0,0,1
frame_0012.jpg,SM-5-10,1,0,0,2
frame_0012.jpg,SM-10-15,1,0,0,3
frame_0012.jpg,SM-15+,1,0,0,2
frame_0012.jpg,SF-15+,1,0,0,3
frame_0013.jpg,PF-0-5,1,0,0,0
frame_0013.jpg,PF-5-10,1,0,0,0
frame_0013.jpg,PF-10-15,1,0,0,0
frame_0013.jpg,PM-0-5,1,0,0,0
frame_0013.jpg,PM-5-10,1,0,0,0
frame_0013.jpg,PM-10-15,1,0,0,0
frame_0013.jpg,EF-0-5,0,0,0,1
frame_0013.jpg,EF-5-10,0,0,0,1
frame_0013.jpg,EF-10-15,0,0,0,2
frame_0013.jpg,EM-0-5,0,0,0,1
frame_0013.jpg,EM-5-10,0,0,0,1
frame_0013.jpg,EM-10-15,0,0,0,2
frame_0013.jpg,SF-0-5,1,0,0,0
frame_0013.jpg,SF-5-10,1,0,0,0
frame_0013.jpg,SF-10-15,1,0,0,0
frame_0013.jpg,SM-0-5,1,0,0,0
frame_0013.jpg,SM-5-10,1,0,0,0
frame_0013.jpg,SM-10-15,1,0,0,0
frame_0013.jpg,SM-15+,1,0,0,0
frame_0014.jpg,PF-0-5,0,0,0,2
frame_0014.jpg,PF-5-10,0,0,0,1
frame_0014.jpg,PF-10-15,0,0,0,2
frame_0014.jpg,PM-0-5,0,0,0,1
frame_0014.jpg,PM-5-10,0,0,0,1
frame_0014.jpg,PM-10-15,0,0,0,2
frame_0014.jpg,EF-0-5,0,0,0,1
frame_0014.jpg,EF-5-10,0,0,0,1
frame_0014.jpg,EF-10-15,0,0,0,2
frame_0014.jpg,EM-0-5,0,0,0,1
frame_0014.jpg,EM-5-10,0,0,0,1
frame_0014.jpg,EM-10-15,0,0,0,2
frame_0014.jpg,SF-0-5,0,0,0,2
frame_0014.jpg,SF-5-10,0,0,0,2
frame_0014.jpg,SF-10-15,0,0,0,3
frame_0014.jpg,SM-0-5,0,0,0,1
frame_0014.jpg,SM-5-10,0,0,0,2
frame_0014.jpg,SM-10-15,0,0,0,2
frame_0014.jpg,SM-15+,0,0,0,2
frame_0015.jpg,PF-0-5,0,0,0,1
frame_0015.jpg,PF-5-10,0,0,0,2
frame_0015.jpg,PF-10-15,0,0,0,3
frame_0015.jpg,PM-0-5,0,0,0,1
frame_0015.jpg,PM-5-10,0,0,0,2
frame_0015.jpg,PM-10-15,0,0,0,3
frame_0015.jpg,EF-0-5,0,0,0,1
frame_0015.jpg,EF-5-10,0,0,0,2
frame_0015.jpg,EF-10-15,0,0,0,3
frame_0015.jpg,EM-0-5,0,0,0,1
frame_0015.jpg,EM-5-10,0,0,0,2
frame_0015.jpg,EM-10-15,0,0,0,3
frame_0015.jpg,SF-0-5,0,0,0,1
frame_0015.jpg,SF-5-10,0,0,0,2
frame_0015.jpg,SF-10-15,0,0,0,3
frame_0015.jpg,SM-0-5,0,0,0,1
frame_0015.jpg,SM-5-10,0,0,0,2
frame_0015.jpg,SM-10-15,0,0,0,3
frame_0015.jpg,SM-15+,0,0,0,3
frame_0016.jpg,PF-0-5,0,0,0,1
frame_0016.jpg,PF-5-10,0,0,0,2
frame_0016.jpg,PF-10-15,0,0,0,2
frame_0016.jpg,PF-15+,0,0,0,1
frame_0016.jpg,PM-0-5,0,0,0,1
frame_0016.jpg,PM-5-10,0,0,0,1
frame_0016.jpg,PM-10-15,0,0,0,2
frame_0016.jpg,PM-15+,0,0,0,2
frame_0016.jpg,EF-0-5,0,0,0,1
frame_0016.jpg,EF-5-10,0,0,0,1
frame_0016.jpg,EF-10-15,0,0,0,2
frame_0016.jpg,EF-15+,0,0,0,2
frame_0016.jpg,EM-0-5,0,0,0,1
frame_0016.jpg,EM-5-10,0,0,0,1
frame_0016.jpg,EM-10-15,0,0,0,2
frame_0016.jpg,EM-15+,0,0,0,2
frame_0016.jpg,SF-0-5,0,0,0,1
frame_0016.jpg,SF-5-10,0,0,0,1
frame_0016.jpg,SF-10-15,0,0,0,2
frame_0016.jpg,SF-15+,0,0,0,2
frame_0016.jpg,SM-0-5,0,0,0,1
frame_0016.jpg,SM-5-10,0,0,0,1
frame_0016.jpg,SM-10-15,0,0,0,2
frame_0016.jpg,SM-15+,0,0,0,2
frame_0017.jpg,PF-0-5,3,0,0,2
frame_0017.jpg,PF-5-10,3,0,0,2
frame_0017.jpg,PF-10-15,3,0,0,2
frame_0017.jpg,PM-0-5,3,0,0,2
frame_0017.jpg,PM-5-10,3,0,0,2
frame_0017.jpg,PM-10-15,3,0,0,2
frame_0017.jpg,EF-0-5,3,0,0,1
frame_0017.jpg,EF-5-10,3,0,0,1
frame_0017.jpg,EF-10-15,3,0,0,1
frame_0017.jpg,EM-0-5,3,0,0,1
frame_0017.jpg,EM-5-10,3,0,0,1
frame_0017.jpg,EM-10-15,3,0,0,1
frame_0017.jpg,SF-0-5,3,0,0,2
frame_0017.jpg,SF-5-10,3,0,0,2
frame_0017.jpg,SF-10-15,3,0,0,2
frame_0017.jpg,SM-0-5,3,0,0,2
frame_0017.jpg,SM-5-10,3,0,0,2
frame_0017.jpg,SM-10-15,3,0,0,2
frame_0017.jpg,SM-15+,3,0,0,2
frame_0018.jpg,PF-0-5,5,0,0,1
frame_0018.jpg,PM-5-10,5,0,0,2
frame_0018.jpg,SF-10-15,5,0,0,3

frame_0018.jpg,EF-0-5,5,0,0,1
frame_0018.jpg,EM-5-10,5,0,0,2
frame_0018.jpg,SF-5-10,5,0,0,2

frame_0018.jpg,PM-0-5,5,0,0,1
frame_0018.jpg,PF-5-10,5,0,0,2
frame_0018.jpg,SM-0-5,5,0,0,1

frame_0018.jpg,EF-10-15,5,0,0,3
frame_0018.jpg,EM-10-15,5,0,0,2
frame_0018.jpg,SM-5-10,5,0,0,2

frame_0018.jpg,PF-15+,5,0,0,2
frame_0018.jpg,PM-10-15,5,0,0,2
frame_0018.jpg,SF-15+,5,0,0,3

frame_0018.jpg,EF-15+,5,0,0,3
frame_0018.jpg,EM-15+,5,0,0,2
frame_0018.jpg,SM-10-15,5,0,0,2

frame_0018.jpg,PM-15+,5,0,0,2
frame_0018.jpg,PF-10-15,5,0,0,2
frame_0018.jpg,SM-15+,5,0,0,3
frame_0019.jpg,PF-0-5,4,0,0,1
frame_0019.jpg,PM-0-5,4,0,0,2
frame_0019.jpg,SF-0-5,4,0,0,1
frame_0019.jpg,PF-5-10,4,0,0,1
frame_0019.jpg,PM-5-10,4,0,0,2
frame_0019.jpg,SF-5-10,4,0,0,2
frame_0019.jpg,PF-10-15,4,0,0,1
frame_0019.jpg,PM-10-15,4,0,0,2
frame_0019.jpg,SF-10-15,4,0,0,2
frame_0019.jpg,PF-15+,4,0,0,1
frame_0019.jpg,PM-15+,4,0,0,2
frame_0019.jpg,SF-15+,4,0,0,2
frame_0019.jpg,EF-0-5,4,0,0,1
frame_0019.jpg,EM-0-5,4,0,0,2
frame_0019.jpg,SF-5-10,4,0,0,1
frame_0019.jpg,EM-5-10,4,0,0,2
frame_0019.jpg,EF-5-10,4,0,0,2
frame_0019.jpg,EM-10-15,4,0,0,2
frame_0019.jpg,EF-10-15,4,0,0,2
frame_0019.jpg,SM-0-5,4,0,0,1
frame_0019.jpg,SM-5-10,4,0,0,2
frame_0019.jpg,SM-10-15,4,0,0,2
frame_0019.jpg,SM-15+,4,0,0,2
frame_0020.jpg,PF-0-5,5,0,0,3
frame_0020.jpg,PM-5-10,5,0,0,4
frame_0020.jpg,SF-10-15,5,0,1,4
frame_0020.jpg,EF-0-5,5,0,0,3
frame_0020.jpg,EM-5-10,5,0,0,4
frame_0020.jpg,SM-10-15,5,0,0,4
frame_0020.jpg,PF-5-10,5,0,0,3
frame_0020.jpg,PM-10-15,5,0,0,4
frame_0020.jpg,SF-0-5,5,0,0,3
frame_0020.jpg,SM-5-10,5,0,0,4
frame_0020.jpg,EF-10-15,5,0,0,3
frame_0020.jpg,EM-10-15,5,0,0,4
frame_0020.jpg,SF-15+,5,0,0,4
frame_0020.jpg,SM-15+,5,0,0,4
frame_0020.jpg,EF-15+,5,0,0,3
frame_0020.jpg,EM-15+,5,0,0,4
frame_0020.jpg,PM-15+,5,0,0,4
frame_0020.jpg,PF-10-15,5,0,0,3
frame_0020.jpg,SF-5-10,5,0,0,4
frame_0020.jpg,SM-0-5,5,0,0,4
frame_0020.jpg,PM-0-5,5,0,0,4
frame_0020.jpg,EM-0-5,5,0,0,3
frame_0021.jpg,PF-0-5,5,0,0,2
frame_0021.jpg,PF-5-10,5,0,0,2
frame_0021.jpg,PF-10-15,5,0,0,2
frame_0021.jpg,PF-15+,5,0,0,2
frame_0021.jpg,PM-0-5,5,0,0,3
frame_0021.jpg,PM-5-10,5,0,0,3
frame_0021.jpg,PM-10-15,5,0,0,3
frame_0021.jpg,PM-15+,5,0,0,3
frame_0021.jpg,EF-0-5,5,0,0,2
frame_0021.jpg,EF-5-10,5,0,0,2
frame_0021.jpg,EF-10-15,5,0,0,2
frame_0021.jpg,EF-15+,5,0,0,2
frame_0021.jpg,EM-0-5,5,0,0,3
frame_0021.jpg,EM-5-10,5,0,0,3
frame_0021.jpg,EM-10-15,5,0,0,3
frame_0021.jpg,EM-15+,5,0,0,3
frame_0021.jpg,SF-0-5,5,0,0,2
frame_0021.jpg,SF-5-10,5,0,0,2
frame_0021.jpg,SF-10-15,5,0,0,2
frame_0021.jpg,SF-15+,5,0,0,2
frame_0021.jpg,SM-0-5,5,0,0,3
frame_0021.jpg,SM-5-10,5,0,0,3
frame_0021.jpg,SM-10-15,5,0,0,3
frame_0021.jpg,SM-15+,5,0,0,3
frame_0022.jpg,PF-0-5,3,0,0,0
frame_0022.jpg,PF-5-10,4,0,0,1
frame_0022.jpg,PF-10-15,4,0,0,2
frame_0022.jpg,PM-0-5,3,0,0,0
frame_0022.jpg,PM-5-10,3,0,0,1
frame_0022.jpg,PM-10-15,4,0,0,2
frame_0022.jpg,EF-0-5,3,0,0,1
frame_0022.jpg,EF-5-10,3,0,0,1
frame_0022.jpg,EF-10-15,4,0,0,2
frame_0022.jpg,EM-0-5,3,0,0,0
frame_0022.jpg,EM-5-10,3,0,0,1
frame_0022.jpg,EM-10-15,4,0,0,2
frame_0022.jpg,SF-0-5,3,0,0,1
frame_0022.jpg,SF-5-10,4,0,0,1
frame_0022.jpg,SF-10-15,4,0,0,2
frame_0022.jpg,SM-0-5,3,0,0,0
frame_0022.jpg,SM-5-10,3,0,0,1
frame_0022.jpg,SM-10-15,4,0,0,2
frame_0022.jpg,SM-15+,4,0,0,2
frame_0023.jpg,PF-0-5,0,2,0,3
frame_0023.jpg,PF-5-10,0,3,0,3
frame_0023.jpg,PF-10-15,0,4,0,4
frame_0023.jpg,PF-15+,0,5,0,4
frame_0023.jpg,PM-0-5,0,2,0,3
frame_0023.jpg,PM-5-10,0,3,0,3
frame_0023.jpg,PM-10-15,0,4,0,4
frame_0023.jpg,PM-15+,0,5,0,4
frame_0023.jpg,EF-0-5,0,2,0,3
frame_0023.jpg,EF-5-10,0,3,0,3
frame_0023.jpg,EF-10-15,0,4,0,4
frame_0023.jpg,EF-15+,0,5,0,4
frame_0023.jpg,EM-0-5,0,2,0,3
frame_0023.jpg,EM-5-10,0,3,0,3
frame_0023.jpg,EM-10-15,0,4,0,4
frame_0023.jpg,EM-15+,0,5,0,4
frame_0023.jpg,SF-0-5,0,2,0,3
frame_0023.jpg,SF-5-10,0,3,0,3
frame_0023.jpg,SF-10-15,0,4,0,4
frame_0023.jpg,SF-15+,0,5,0,4
frame_0023.jpg,SM-0-5,0,2,0,3
frame_0023.jpg,SM-5-10,0,3,0,3
frame_0023.jpg,SM-10-15,0,4,0,4
frame_0023.jpg,SM-15+,0,5,0,4
frame_0024.jpg,PF-0-5,3,0,0,0
frame_0024.jpg,PM-5-10,3,0,0,0
frame_0024.jpg,SF-10-15,4,0,0,0
frame_0024.jpg,EF-0-5,0,0,0,2
frame_0024.jpg,EM-5-10,0,0,0,1
frame_0024.jpg,SM-10-15,0,0,0,3
frame_0024.jpg,PF-5-10,2,0,0,0
frame_0024.jpg,PF-10-15,4,0,0,1
frame_0024.jpg,PM-10-15,3,0,0,1
frame_0024.jpg,SF-0-5,2,0,0,0
frame_0024.jpg,SM-5-10,1,0,0,2
frame_0024.jpg,SM-0-5,3,0,0,0
frame_0024.jpg,EF-10-15,0,0,0,2
frame_0024.jpg,EM-10-15,0,0,0,1
frame_0024.jpg,SF-5-10,3,0,0,1
frame_0024.jpg,SF-15+,4,0,0,1
frame_0024.jpg,EM-15+,1,0,0,2
frame_0024.jpg,PF-15+,3,0,0,2
frame_0024.jpg,SM-15+,0,0,0,3
frame_0024.jpg,PM-15+,2,0,0,0
frame_0024.jpg,EF-15+,0,0,0,2
frame_0025.jpg,PF-0-5,5,0,0,0
frame_0025.jpg,PM-5-10,5,0,0,1
frame_0025.jpg,SF-10-15,5,0,0,2
frame_0025.jpg,EF-0-5,4,0,0,1
frame_0025.jpg,EM-5-10,4,0,0,2
frame_0025.jpg,SM-10-15,5,0,0,1
frame_0025.jpg,PF-5-10,5,0,0,0
frame_0025.jpg,PM-10-15,5,0,0,1
frame_0025.jpg,SF-5-10,5,0,0,1
frame_0025.jpg,EM-0-5,4,0,0,2
frame_0025.jpg,SM-5-10,5,0,0,1
frame_0025.jpg,EF-10-15,5,0,0,2
frame_0025.jpg,EM-10-15,4,0,0,2
frame_0025.jpg,SF-0-5,5,0,0,1
frame_0025.jpg,PF-10-15,5,0,0,0
frame_0025.jpg,SM-0-5,5,0,0,1
frame_0025.jpg,PM-15+,5,0,0,1
frame_0025.jpg,SF-15+,5,0,0,1
frame_0025.jpg,EM-15+,5,0,0,1
frame_0025.jpg,SM-15+,5,0,0,1
frame_0025.jpg,PF-15+,5,0,0,0
frame_0026.jpg,PF-0-5,3,0,0,1
frame_0026.jpg,PF-5-10,3,0,0,1
frame_0026.jpg,PF-10-15,4,0,0,2
frame_0026.jpg,PM-0-5,3,0,0,1
frame_0026.jpg,PM-5-10,4,0,0,1
frame_0026.jpg,PM-10-15,4,0,0,2
frame_0026.jpg,EF-0-5,3,0,0,1
frame_0026.jpg,EF-5-10,3,0,0,1
frame_0026.jpg,EF-10-15,4,0,0,2
frame_0026.jpg,EM-0-5,3,0,0,1
frame_0026.jpg,EM-5-10,4,0,0,1
frame_0026.jpg,EM-10-15,4,0,0,2
frame_0026.jpg,SF-0-5,4,0,0,1
frame_0026.jpg,SF-5-10,4,0,0,1
frame_0026.jpg,SF-10-15,5,0,0,2
frame_0026.jpg,SM-0-5,4,0,0,1
frame_0026.jpg,SM-5-10,4,0,0,1
frame_0026.jpg,SM-10-15,5,0,0,2
frame_0026.jpg,SM-15+,5,0,0,2
frame_0027.jpg,PF-0-5,3,0,0,0
frame_0027.jpg,PF-5-10,3,0,0,0
frame_0027.jpg,PF-10-15,3,0,0,0
frame_0027.jpg,PF-15+,3,0,0,0
frame_0027.jpg,PM-0-5,4,0,0,0
frame_0027.jpg,PM-5-10,4,0,0,0
frame_0027.jpg,PM-10-15,4,0,0,0
frame_0027.jpg,PM-15+,4,0,0,0
frame_0027.jpg,EF-0-5,3,0,0,1
frame_0027.jpg,EF-5-10,3,0,0,1
frame_0027.jpg,EF-10-15,3,0,0,1
frame_0027.jpg,EF-15+,3,0,0,1
frame_0027.jpg,EM-0-5,4,0,0,1
frame_0027.jpg,EM-5-10,4,0,0,1
frame_0027.jpg,EM-10-15,4,0,0,1
frame_0027.jpg,EM-15+,4,0,0,1
frame_0027.jpg,SF-0-5,3,0,0,0
frame_0027.jpg,SF-5-10,3,0,0,0
frame_0027.jpg,SF-10-15,3,0,0,0
frame_0027.jpg,SF-15+,3,0,0,0
frame_0027.jpg,SM-0-5,4,0,0,0
frame_0027.jpg,SM-5-10,4,0,0,0
frame_0027.jpg,SM-10-15,4,0,0,0
frame_0027.jpg,SM-15+,4,0,0,0
frame_0028.jpg,PF-0-5,0,0,0,1
frame_0028.jpg,PM-5-10,0,0,0,2
frame_0028.jpg,SF-0-5,0,0,0,3
frame_0028.jpg,EF-5-10,0,0,0,1
frame_0028.jpg,EM-10-15,0,0,0,2
frame_0028.jpg,SM-5-10,0,0,0,3
frame_0028.jpg,PF-15+,0,0,0,1
frame_0028.jpg,PM-10-15,0,0,0,2
frame_0028.jpg,SF-10-15,0,0,0,3
frame_0028.jpg,EM-0-5,0,0,0,1
frame_0028.jpg,SF-15+,0,0,0,3
frame_0028.jpg,SM-0-5,0,0,0,2
frame_0028.jpg,EF-0-5,0,0,0,1
frame_0028.jpg,EM-5-10,0,0,0,2
frame_0028.jpg,SF-5-10,0,0,0,3
frame_0028.jpg,SM-10-15,0,0,0,3
frame_0028.jpg,EF-10-15,0,0,0,2
frame_0028.jpg,PM-0-5,0,0,0,1
frame_0028.jpg,EM-15+,0,0,0,2
frame_0028.jpg,SM-15+,0,0,0,3
frame_0028.jpg,EF-15+,0,0,0,2
frame_0029.jpg,PF-0-5,5,0,0,3
frame_0029.jpg,PF-5-10,5,0,0,3
frame_0029.jpg,PF-10-15,5,0,0,4
frame_0029.jpg,PM-0-5,5,0,0,3
frame_0029.jpg,PM-5-10,5,0,0,3
frame_0029.jpg,PM-10-15,5,0,0,4
frame_0029.jpg,EF-0-5,4,0,0,2
frame_0029.jpg,EF-5-10,4,0,0,2
frame_0029.jpg,EF-10-15,4,0,0,3
frame_0029.jpg,EM-0-5,4,0,0,2
frame_0029.jpg,EM-5-10,4,0,0,2
frame_0029.jpg,EM-10-15,4,0,0,3
frame_0029.jpg,SF-0-5,5,0,0,3
frame_0029.jpg,SF-5-10,5,0,0,3
frame_0029.jpg,SF-10-15,5,0,0,4
frame_0029.jpg,SM-0-5,5,0,0,3
frame_0029.jpg,SM-5-10,5,0,0,3
frame_0029.jpg,SM-10-15,5,0,0,4
frame_0030.jpg,PF-0-5,4,0,0,2
frame_0030.jpg,PM-5-10,4,0,0,3
frame_0030.jpg,SF-10-15,4,0,0,2
frame_0030.jpg,EM-0-5,0,0,0,2
frame_0030.jpg,EF-5-10,0,0,0,2
frame_0030.jpg,SM-0-5,4,0,0,1
frame_0030.jpg,PM-10-15,4,0,0,3
frame_0030.jpg,SF-5-10,4,0,0,2
frame_0030.jpg,EM-5-10,0,0,0,2
frame_0030.jpg,EF-10-15,0,0,0,3
frame_0030.jpg,SM-5-10,4,0,0,1
frame_0030.jpg,PF-10-15,4,0,0,2
frame_0030.jpg,EM-15+,0,0,0,2
frame_0030.jpg,SF-15+,4,0,0,3
frame_0030.jpg,PM-15+,4,0,0,2
frame_0030.jpg,EF-0-5,0,0,0,3
frame_0030.jpg,SM-10-15,4,0,0,1
frame_0030.jpg,EF-15+,0,0,0,2
frame_0030.jpg,PF-15+,4,0,0,3
frame_0030.jpg,SF-0-5,4,0,0,2
frame_0030.jpg,EM-10-15,0,0,0,3
frame_0031.jpg,PF-0-5,0,0,0,1
frame_0031.jpg,PF-5-10,0,0,0,2
frame_0031.jpg,PF-10-15,0,0,0,3
frame_0031.jpg,PM-0-5,0,0,0,1
frame_0031.jpg,PM-5-10,0,0,0,2
frame_0031.jpg,PM-10-15,0,0,0,2
frame_0031.jpg,EF-0-5,0,0,0,1
frame_0031.jpg,EF-5-10,0,0,0,2
frame_0031.jpg,EF-10-15,0,0,0,3
frame_0031.jpg,EM-0-5,0,0,0,1
frame_0031.jpg,EM-5-10,0,0,0,2
frame_0031.jpg,EM-10-15,0,0,0,2
frame_0031.jpg,SF-0-5,0,0,0,1
frame_0031.jpg,SF-5-10,0,0,0,2
frame_0031.jpg,SF-10-15,0,0,0,3
frame_0031.jpg,SM-0-5,0,0,0,1
frame_0031.jpg,SM-5-10,0,0,0,2
frame_0031.jpg,SM-10-15,0,0,0,2
frame_0031.jpg,SM-15+,0,0,0,2
frame_0032.jpg,PF-0-5,4,0,0,1
frame_0032.jpg,PF-5-10,4,0,0,1
frame_0032.jpg,PF-10-15,4,0,0,1
frame_0032.jpg,PM-0-5,4,0,0,1
frame_0032.jpg,PM-5-10,4,0,0,1
frame_0032.jpg,PM-10-15,4,0,0,1
frame_0032.jpg,EF-0-5,4,0,0,2
frame_0032.jpg,EF-5-10,4,0,0,2
frame_0032.jpg,EF-10-15,4,0,0,2
frame_0032.jpg,EM-0-5,4,0,0,2
frame_0032.jpg,EM-5-10,4,0,0,2
frame_0032.jpg,EM-10-15,4,0,0,2
frame_0032.jpg,SF-0-5,4,0,0,1
frame_0032.jpg,SF-5-10,4,0,0,1
frame_0032.jpg,SF-10-15,4,0,0,1
frame_0032.jpg,SM-0-5,4,0,0,1
frame_0032.jpg,SM-5-10,4,0,0,1
frame_0032.jpg,SM-10-15,4,0,0,1
frame_0032.jpg,SM-15+,4,0,0,1
frame_0033.jpg,PF-0-5,4,0,0,3
frame_0033.jpg,PM-5-10,4,0,0,2
frame_0033.jpg,SF-10-15,4,0,0,3

frame_0033.jpg,EF-0-5,4,0,0,3
frame_0033.jpg,EM-5-10,4,0,0,2
frame_0033.jpg,SF-5-10,4,0,0,3

frame_0033.jpg,PF-5-10,4,0,0,3
frame_0033.jpg,PM-10-15,4,0,0,2
frame_0033.jpg,SM-10-15,4,0,0,3

frame_0033.jpg,EF-5-10,4,0,0,3
frame_0033.jpg,EM-10-15,4,0,0,2
frame_0033.jpg,SF-15+,4,0,0,3

frame_0033.jpg,PF-10-15,4,0,0,3
frame_0033.jpg,PM-15+,4,0,0,2
frame_0033.jpg,SM-5-10,4,0,0,3

frame_0033.jpg,EF-10-15,4,0,0,3
frame_0033.jpg,EM-15+,4,0,0,2
frame_0033.jpg,SM-15+,4,0,0,3
frame_0034.jpg,PF-0-5,3,0,0,2
frame_0034.jpg,PF-5-10,4,0,0,3
frame_0034.jpg,PF-10-15,5,0,0,4
frame_0034.jpg,PM-0-5,3,0,0,2
frame_0034.jpg,PM-5-10,4,0,0,3
frame_0034.jpg,PM-10-15,5,0,0,4
frame_0034.jpg,EF-0-5,2,0,0,3
frame_0034.jpg,EF-5-10,3,0,0,4
frame_0034.jpg,EF-10-15,4,0,0,5
frame_0034.jpg,EM-0-5,2,0,0,3
frame_0034.jpg,EM-5-10,3,0,0,4
frame_0034.jpg,EM-10-15,4,0,0,5
frame_0034.jpg,SF-0-5,2,0,0,3
frame_0034.jpg,SF-5-10,3,0,0,4
frame_0034.jpg,SF-10-15,4,0,0,5
frame_0034.jpg,SM-0-5,2,0,0,3
frame_0034.jpg,SM-5-10,3,0,0,4
frame_0034.jpg,SM-10-15,4,0,0,5
frame_0034.jpg,SM-15+,4,0,0,5
frame_0034.jpg,SF-15+,4,0,0,5
frame_0035.jpg,PF-0-5,5,0,0,1
frame_0035.jpg,PM-5-10,5,0,0,1
frame_0035.jpg,SF-10-15,5,0,0,2
frame_0035.jpg,EF-0-5,4,0,0,1
frame_0035.jpg,EM-5-10,4,0,0,1
frame_0035.jpg,SF-0-5,5,0,0,2
frame_0035.jpg,PF-5-10,5,0,0,1
frame_0035.jpg,PM-10-15,5,0,0,1
frame_0035.jpg,EM-0-5,4,0,0,1
frame_0035.jpg,SM-5-10,5,0,0,2
frame_0035.jpg,SF-5-10,5,0,0,1
frame_0035.jpg,EM-10-15,4,0,0,1
frame_0035.jpg,PF-10-15,5,0,0,2
frame_0035.jpg,PM-0-5,5,0,0,1
frame_0035.jpg,SM-10-15,5,0,0,2
frame_0035.jpg,EF-5-10,4,0,0,1
frame_0035.jpg,SM-0-5,5,0,0,2
frame_0035.jpg,SF-15+,5,0,0,1
frame_0035.jpg,EM-15+,4,0,0,1
frame_0035.jpg,PF-15+,5,0,0,2
frame_0035.jpg,PM-15+,5,0,0,1
frame_0035.jpg,SM-15+,5,0,0,2
frame_0036.jpg,PF-0-5,5,0,0,0
frame_0036.jpg,PF-5-10,5,0,0,0
frame_0036.jpg,PF-10-15,5,0,0,0
frame_0036.jpg,PF-15+,5,0,0,0
frame_0036.jpg,PM-0-5,5,0,0,0
frame_0036.jpg,PM-5-10,5,0,0,0
frame_0036.jpg,PM-10-15,5,0,0,0
frame_0036.jpg,PM-15+,5,0,0,0
frame_0036.jpg,EF-0-5,5,0,0,0
frame_0036.jpg,EF-5-10,5,0,0,0
frame_0036.jpg,EF-10-15,5,0,0,0
frame_0036.jpg,EF-15+,5,0,0,0
frame_0036.jpg,EM-0-5,5,0,0,0
frame_0036.jpg,EM-5-10,5,0,0,0
frame_0036.jpg,EM-10-15,5,0,0,0
frame_0036.jpg,EM-15+,5,0,0,0
frame_0036.jpg,SF-0-5,5,0,0,0
frame_0036.jpg,SF-5-10,5,0,0,0
frame_0036.jpg,SF-10-15,5,0,0,0
frame_0036.jpg,SF-15+,5,0,0,0
frame_0036.jpg,SM-0-5,5,0,0,0
frame_0036.jpg,SM-5-10,5,0,0,0
frame_0036.jpg,SM-10-15,5,0,0,0
frame_0036.jpg,SM-15+,5,0,0,0
frame_0037.jpg,PF-0-5,5,0,0,0
frame_0037.jpg,PF-5-10,5,0,0,0
frame_0037.jpg,PF-10-15,5,0,0,0
frame_0037.jpg,PM-0-5,5,0,0,0
frame_0037.jpg,PM-5-10,5,0,0,0
frame_0037.jpg,PM-10-15,5,0,0,0
frame_0037.jpg,EF-0-5,5,0,0,0
frame_0037.jpg,EF-5-10,5,0,0,0
frame_0037.jpg,EF-10-15,5,0,0,0
frame_0037.jpg,EM-0-5,5,0,0,0
frame_0037.jpg,EM-5-10,5,0,0,0
frame_0037.jpg,EM-10-15,5,0,0,0
frame_0037.jpg,SF-0-5,5,0,0,0
frame_0037.jpg,SF-5-10,5,0,0,0
frame_0037.jpg,SF-10-15,5,0,0,0
frame_0037.jpg,SM-0-5,5,0,0,0
frame_0037.jpg,SM-5-10,5,0,0,0
frame_0037.jpg,SM-10-15,5,0,0,0
frame_0037.jpg,SM-15+,5,0,0,0
frame_0038.jpg,PF-0-5,1,0,0,2
frame_0038.jpg,PF-5-10,1,0,0,2
frame_0038.jpg,PF-10-15,1,0,0,3
frame_0038.jpg,PM-0-5,1,0,0,2
frame_0038.jpg,PM-5-10,1,0,0,2
frame_0038.jpg,PM-10-15,1,0,0,3
frame_0038.jpg,EF-0-5,0,0,0,2
frame_0038.jpg,EF-5-10,0,0,0,2
frame_0038.jpg,EF-10-15,0,0,0,3
frame_0038.jpg,EM-0-5,0,0,0,2
frame_0038.jpg,EM-5-10,0,0,0,2
frame_0038.jpg,EM-10-15,0,0,0,3
frame_0038.jpg,SF-0-5,0,0,0,2
frame_0038.jpg,SF-5-10,0,0,0,2
frame_0038.jpg,SF-10-15,0,0,0,3
frame_0038.jpg,SM-0-5,0,0,0,2
frame_0038.jpg,SM-5-10,0,0,0,2
frame_0038.jpg,SM-10-15,0,0,0,3
frame_0038.jpg,SM-15+,0,0,0,3
frame_0038.jpg,SF-15+,0,0,0,3
frame_0038.jpg,PM-15+,1,0,0,3
frame_0039.jpg,PF-0-5,4,0,0,1
frame_0039.jpg,PF-5-10,4,0,0,1
frame_0039.jpg,PF-10-15,4,0,0,2
frame_0039.jpg,PM-0-5,4,0,0,1
frame_0039.jpg,PM-5-10,4,0,0,1
frame_0039.jpg,PM-10-15,4,0,0,2
frame_0039.jpg,EF-0-5,4,0,0,1
frame_0039.jpg,EF-5-10,4,0,0,1
frame_0039.jpg,EF-10-15,4,0,0,2
frame_0039.jpg,EM-0-5,4,0,0,1
frame_0039.jpg,EM-5-10,4,0,0,1
frame_0039.jpg,EM-10-15,4,0,0,2
frame_0039.jpg,SF-0-5,3,0,0,2
frame_0039.jpg,SF-5-10,3,0,0,2
frame_0039.jpg,SF-10-15,3,0,0,3
frame_0039.jpg,SM-0-5,3,0,0,2
frame_0039.jpg,SM-5-10,3,0,0,2
frame_0039.jpg,SM-10-15,3,0,0,3
frame_0039.jpg,SF-15+,3,0,0,3
frame_0039.jpg,SM-15+,3,0,0,3
frame_0040.jpg,PF-0-5,4,0,0,2
frame_0040.jpg,PM-5-10,4,0,0,3
frame_0040.jpg,SF-10-15,3,0,0,4
frame_0040.jpg,EF-0-5,2,0,0,3
frame_0040.jpg,EM-5-10,2,0,0,3
frame_0040.jpg,SF-5-10,3,0,0,4
frame_0040.jpg,PF-5-10,4,0,0,2
frame_0040.jpg,PM-0-5,4,0,0,3
frame_0040.jpg,SM-0-5,3,0,0,4
frame_0040.jpg,EM-10-15,2,0,0,3
frame_0040.jpg,SF-0-5,3,0,0,4
frame_0040.jpg,SM-5-10,3,0,0,4
frame_0040.jpg,PF-10-15,4,0,0,2
frame_0040.jpg,PM-10-15,4,0,0,3
frame_0040.jpg,SM-10-15,3,0,0,4
frame_0040.jpg,EF-10-15,2,0,0,3
frame_0040.jpg,EM-15+,2,0,0,3
frame_0040.jpg,SF-15+,3,0,0,4
frame_0040.jpg,SM-15+,3,0,0,4
frame_0040.jpg,PF-15+,4,0,0,2
frame_0040.jpg,PM-15+,4,0,0,3
frame_0040.jpg,EM-0-5,2,0,0,3
frame_0040.jpg,SF-0-5,3,0,0,4
frame_0041.jpg,PF-0-5,0,0,0,2
frame_0041.jpg,PM-10-15,0,0,0,1
frame_0041.jpg,SF-5-10,0,0,0,3
frame_0041.jpg,EF-5-10,0,0,0,2
frame_0041.jpg,EM-0-5,0,0,0,2
frame_0041.jpg,SM-10-15,0,0,0,1
frame_0041.jpg,PF-5-10,0,0,0,3
frame_0041.jpg,PM-5-10,0,0,0,2
frame_0041.jpg,SF-0-5,0,0,0,2
frame_0041.jpg,SM-0-5,0,0,0,2
frame_0041.jpg,EM-5-10,0,0,0,2
frame_0041.jpg,SF-10-15,0,0,0,4
frame_0041.jpg,PM-15+,0,0,0,1
frame_0041.jpg,EM-10-15,0,0,0,1
frame_0041.jpg,PF-15+,0,0,0,2
frame_0041.jpg,SM-5-10,0,0,0,3
frame_0041.jpg,SF-15+,0,0,0,3
frame_0041.jpg,EM-15+,0,0,0,2
frame_0041.jpg,SM-15+,0,0,0,2
frame_0041.jpg,PF-10-15,0,0,0,2
frame_0041.jpg,PM-0-5,0,0,0,2
frame_0041.jpg,EF-0-5,0,0,0,1
frame_0041.jpg,EM-15+,0,0,0,2
frame_0042.jpg,PF-0-5,2,0,0,0
frame_0042.jpg,PM-5-10,3,0,0,0
frame_0042.jpg,SF-10-15,4,0,0,0
frame_0042.jpg,EF-0-5,1,0,0,0
frame_0042.jpg,EM-5-10,2,0,0,0
frame_0042.jpg,SF-5-10,2,0,0,0
frame_0042.jpg,SM-0-5,3,0,0,0
frame_0042.jpg,PM-10-15,2,0,0,0
frame_0042.jpg,EF-10-15,3,0,0,0
frame_0042.jpg,SM-5-10,2,0,0,0
frame_0042.jpg,SF-0-5,3,0,0,0
frame_0042.jpg,PM-15+,4,0,0,0
frame_0042.jpg,EM-10-15,2,0,0,0
frame_0042.jpg,SM-10-15,2,0,0,0
frame_0042.jpg,EF-5-10,3,0,0,0
frame_0042.jpg,SM-15+,4,0,0,0
frame_0042.jpg,EM-15+,3,0,0,0
frame_0042.jpg,PF-5-10,2,0,0,0
frame_0042.jpg,PF-10-15,3,0,0,0
frame_0042.jpg,EF-15+,2,0,0,0
frame_0042.jpg,PM-0-5,2,0,0,0
frame_0043.jpg,PF-0-5,3,0,0,2
frame_0043.jpg,PF-5-10,3,0,0,2
frame_0043.jpg,PF-10-15,2,0,0,3
frame_0043.jpg,PM-0-5,4,0,0,2
frame_0043.jpg,PM-5-10,3,0,0,2
frame_0043.jpg,PM-10-15,3,0,0,3
frame_0043.jpg,EF-0-5,3,0,0,2
frame_0043.jpg,EF-5-10,2,0,0,3
frame_0043.jpg,EF-10-15,2,0,0,3
frame_0043.jpg,EM-0-5,3,0,0,2
frame_0043.jpg,EM-5-10,2,0,0,3
frame_0043.jpg,EM-10-15,2,0,0,3
frame_0043.jpg,SF-0-5,2,0,0,3
frame_0043.jpg,SF-5-10,3,0,0,2
frame_0043.jpg,SF-10-15,3,0,0,2
frame_0043.jpg,SM-0-5,3,0,0,2
frame_0043.jpg,SM-5-10,3,0,0,2
frame_0043.jpg,SM-10-15,3,0,0,3
frame_0043.jpg,SM-15+,2,0,0,3
frame_0044.jpg,PF-0-5,4,0,0,2
frame_0044.jpg,PM-5-10,4,0,0,3
frame_0044.jpg,SF-10-15,4,0,0,2
frame_0044.jpg,EF-0-5,3,0,0,3
frame_0044.jpg,EM-5-10,3,0,0,3
frame_0044.jpg,SF-5-10,4,0,0,2
frame_0044.jpg,EM-10-15,3,0,0,3
frame_0044.jpg,PM-0-5,4,0,0,2
frame_0044.jpg,SM-10-15,4,0,0,3
frame_0044.jpg,PF-5-10,4,0,0,3
frame_0044.jpg,SM-5-10,3,0,0,2
frame_0044.jpg,PF-15+,4,0,0,3
frame_0044.jpg,EM-0-5,3,0,0,3
frame_0044.jpg,SM-0-5,3,0,0,3
frame_0044.jpg,SF-15+,4,0,0,2
frame_0044.jpg,PM-10-15,4,0,0,3
frame_0044.jpg,EF-5-10,3,0,0,3
frame_0044.jpg,EM-15+,3,0,0,3
frame_0044.jpg,SF-0-5,4,0,0,3
frame_0044.jpg,SM-15+,3,0,0,3
frame_0044.jpg,PF-10-15,4,0,0,2
frame_0044.jpg,EF-10-15,3,0,0,3
frame_0045.jpg,PF-0-5,4,0,0,0
frame_0045.jpg,PM-5-10,4,0,0,0
frame_0045.jpg,SF-0-5,4,0,0,0
frame_0045.jpg,PF-5-10,4,0,0,0
frame_0045.jpg,PM-10-15,4,0,0,0
frame_0045.jpg,SM-5-10,4,0,0,0
frame_0045.jpg,EF-0-5,3,0,0,0
frame_0045.jpg,EM-5-10,3,0,0,0
frame_0045.jpg,SF-5-10,3,0,0,0
frame_0045.jpg,PF-10-15,4,0,0,0
frame_0045.jpg,EM-0-5,3,0,0,0
frame_0045.jpg,SM-0-5,3,0,0,0
frame_0045.jpg,EF-5-10,3,0,0,0
frame_0045.jpg,SF-10-15,4,0,0,0
frame_0045.jpg,PM-0-5,4,0,0,0
frame_0045.jpg,EM-10-15,3,0,0,0
frame_0045.jpg,SM-10-15,3,0,0,0
frame_0045.jpg,EF-10-15,3,0,0,0
frame_0045.jpg,SF-15+,4,0,0,0
frame_0045.jpg,SM-15+,4,0,0,0
frame_0045.jpg,EM-15+,3,0,0,0
frame_0045.jpg,PF-15+,4,0,0,0
frame_0046.jpg,PF-0-5,4,0,0,2
frame_0046.jpg,PF-5-10,4,0,0,1
frame_0046.jpg,PF-10-15,3,0,0,2
frame_0046.jpg,PM-0-5,4,0,0,3
frame_0046.jpg,PM-5-10,4,0,0,2
frame_0046.jpg,PM-10-15,3,0,0,2
frame_0046.jpg,EF-0-5,4,0,0,2
frame_0046.jpg,EF-5-10,4,0,0,2
frame_0046.jpg,EF-10-15,3,0,0,2
frame_0046.jpg,EM-0-5,4,0,0,3
frame_0046.jpg,EM-5-10,4,0,0,2
frame_0046.jpg,EM-10-15,3,0,0,2
frame_0046.jpg,SF-0-5,4,0,0,3
frame_0046.jpg,SF-5-10,4,0,0,2
frame_0046.jpg,SF-10-15,3,0,0,2
frame_0046.jpg,SM-0-5,4,0,0,3
frame_0046.jpg,SM-5-10,4,0,0,2
frame_0046.jpg,SM-10-15,3,0,0,2
frame_0046.jpg,SM-15+,3,0,0,2
frame_0046.jpg,SF-15+,3,0,0,2
frame_0047.jpg,PF-0-5,0,0,0,1
frame_0047.jpg,PM-5-10,0,0,0,2
frame_0047.jpg,SF-10-15,0,0,0,3
frame_0047.jpg,EF-0-5,0,0,0,2
frame_0047.jpg,EM-5-10,0,0,0,1
frame_0047.jpg,SM-10-15,0,0,0,4
frame_0047.jpg,PF-5-10,0,0,0,1
frame_0047.jpg,PM-10-15,0,0,0,2
frame_0047.jpg,SF-0-5,0,0,0,2
frame_0047.jpg,SM-0-5,0,0,0,1
frame_0047.jpg,EF-5-10,0,0,0,2
frame_0047.jpg,EM-10-15,0,0,0,3
frame_0047.jpg,SF-5-10,0,0,0,2
frame_0047.jpg,SM-5-10,0,0,0,2
frame_0047.jpg,EF-10-15,0,0,0,1
frame_0047.jpg,EM-15+,0,0,0,1
frame_0047.jpg,SF-15+,0,0,0,2
frame_0047.jpg,SM-15+,0,0,0,3
frame_0047.jpg,PF-10-15,0,0,0,2
frame_0047.jpg,PM-15+,0,0,0,3
frame_0047.jpg,EF-15+,0,0,0,2
frame_0047.jpg,EM-0-5,0,0,0,1
frame_0047.jpg,SF-0-5,0,0,0,2
frame_0048.jpg,PF-0-5,2,0,0,1
frame_0048.jpg,PF-5-10,2,0,0,2
frame_0048.jpg,PF-10-15,3,0,0,2
frame_0048.jpg,PM-0-5,2,0,0,1
frame_0048.jpg,PM-5-10,2,0,0,2
frame_0048.jpg,PM-10-15,3,0,0,2
frame_0048.jpg,EF-0-5,2,0,0,1
frame_0048.jpg,EF-5-10,2,0,0,2
frame_0048.jpg,EF-10-15,3,0,0,2
frame_0048.jpg,EM-0-5,2,0,0,1
frame_0048.jpg,EM-5-10,2,0,0,2
frame_0048.jpg,EM-10-15,3,0,0,2
frame_0048.jpg,SF-0-5,2,0,0,1
frame_0048.jpg,SF-5-10,2,0,0,2
frame_0048.jpg,SF-10-15,3,0,0,2
frame_0048.jpg,SM-0-5,2,0,0,1
frame_0048.jpg,SM-5-10,2,0,0,2
frame_0048.jpg,SM-10-15,3,0,0,2
frame_0048.jpg,SM-15+,3,0,0,2
frame_0050.jpg,PF-0-5,1,0,0,2
frame_0050.jpg,PF-5-10,0,0,0,1
frame_0050.jpg,PF-10-15,0,0,0,1
frame_0050.jpg,PM-0-5,1,0,0,2
frame_0050.jpg,PM-5-10,0,0,0,1
frame_0050.jpg,PM-10-15,0,0,0,1
frame_0050.jpg,EF-0-5,0,0,0,2
frame_0050.jpg,EF-5-10,0,0,0,1
frame_0050.jpg,EF-10-15,0,0,0,1
frame_0050.jpg,EM-0-5,0,0,0,2
frame_0050.jpg,EM-5-10,0,0,0,1
frame_0050.jpg,EM-10-15,0,0,0,1
frame_0050.jpg,SF-0-5,1,0,0,3
frame_0050.jpg,SF-5-10,0,0,0,2
frame_0050.jpg,SF-10-15,0,0,0,1
frame_0050.jpg,SM-0-5,1,0,0,3
frame_0050.jpg,SM-5-10,0,0,0,2
frame_0050.jpg,SM-10-15,0,0,0,1
frame_0050.jpg,SM-15+,0,0,0,1
frame_0051.jpg,PF-0-5,0,0,0,3
frame_0051.jpg,PF-5-10,0,0,0,2
frame_0051.jpg,PF-10-15,0,0,0,3
frame_0051.jpg,PM-0-5,0,0,0,2
frame_0051.jpg,PM-5-10,0,0,0,3
frame_0051.jpg,PM-10-15,0,0,0,4
frame_0051.jpg,EF-0-5,0,0,0,3
frame_0051.jpg,EF-5-10,0,0,0,2
frame_0051.jpg,EF-10-15,0,0,0,3
frame_0051.jpg,EM-0-5,0,0,0,2
frame_0051.jpg,EM-5-10,0,0,0,3
frame_0051.jpg,EM-10-15,0,0,0,4
frame_0051.jpg,SF-0-5,0,0,0,3
frame_0051.jpg,SF-5-10,0,0,0,2
frame_0051.jpg,SF-10-15,0,0,0,3
frame_0051.jpg,SM-0-5,0,0,0,2
frame_0051.jpg,SM-5-10,0,0,0,3
frame_0051.jpg,SM-10-15,0,0,0,4
frame_0051.jpg,SM-15+,0,0,0,4
frame_0052.jpg,PF-0-5,0,0,0,0
frame_0052.jpg,PF-5-10,0,0,0,0
frame_0052.jpg,PF-10-15,0,0,0,0
frame_0052.jpg,PF-15+,0,0,0,0
frame_0052.jpg,PM-0-5,0,0,0,0
frame_0052.jpg,PM-5-10,0,0,0,0
frame_0052.jpg,PM-10-15,0,0,0,0
frame_0052.jpg,PM-15+,0,0,0,0
frame_0052.jpg,EF-0-5,0,0,0,0
frame_0052.jpg,EF-5-10,0,0,0,0
frame_0052.jpg,EF-10-15,0,0,0,0
frame_0052.jpg,EF-15+,0,0,0,0
frame_0052.jpg,EM-0-5,0,0,0,0
frame_0052.jpg,EM-5-10,0,0,0,0
frame_0052.jpg,EM-10-15,0,0,0,0
frame_0052.jpg,EM-15+,0,0,0,0
frame_0052.jpg,SF-0-5,0,0,0,0
frame_0052.jpg,SF-5-10,0,0,0,0
frame_0052.jpg,SF-10-15,0,0,0,0
frame_0052.jpg,SF-15+,0,0,0,0
frame_0052.jpg,SM-0-5,0,0,0,0
frame_0052.jpg,SM-5-10,0,0,0,0
frame_0052.jpg,SM-10-15,0,0,0,0
frame_0052.jpg,SM-15+,0,0,0,0
frame_0053.jpg,PF-0-5,0,0,0,1
frame_0053.jpg,PM-5-10,0,0,0,2
frame_0053.jpg,SF-10-15,0,0,0,3
frame_0053.jpg,EF-0-5,0,0,0,2
frame_0053.jpg,EM-10-15,0,0,0,3
frame_0053.jpg,SF-0-5,0,0,0,2
frame_0053.jpg,SM-5-10,0,0,0,2
frame_0053.jpg,PM-10-15,0,0,0,1
frame_0053.jpg,EF-5-10,0,0,0,2
frame_0053.jpg,EM-0-5,0,0,0,1
frame_0053.jpg,SF-5-10,0,0,0,2
frame_0053.jpg,SM-10-15,0,0,0,2
frame_0053.jpg,PF-15+,0,0,0,1
frame_0053.jpg,EM-5-10,0,0,0,2
frame_0053.jpg,SM-0-5,0,0,0,2
frame_0053.jpg,PM-0-5,0,0,0,1
frame_0053.jpg,EF-10-15,0,0,0,3
frame_0053.jpg,SF-15+,0,0,0,3
frame_0053.jpg,PM-15+,0,0,0,2
frame_0053.jpg,EM-15+,0,0,0,3
frame_0053.jpg,SM-15+,0,0,0,2
frame_0054.jpg,PF-0-5,2,0,0,1
frame_0054.jpg,PF-5-10,2,0,0,2
frame_0054.jpg,PF-10-15,2,0,0,3
frame_0054.jpg,PM-0-5,2,0,0,1
frame_0054.jpg,PM-5-10,2,0,0,2
frame_0054.jpg,PM-10-15,2,0,0,3
frame_0054.jpg,EF-0-5,2,0,0,1
frame_0054.jpg,EF-5-10,2,0,0,2
frame_0054.jpg,EF-10-15,2,0,0,3
frame_0054.jpg,EM-0-5,2,0,0,1
frame_0054.jpg,EM-5-10,2,0,0,2
frame_0054.jpg,EM-10-15,2,0,0,3
frame_0054.jpg,SF-0-5,1,0,0,1
frame_0054.jpg,SF-5-10,1,0,0,2
frame_0054.jpg,SF-10-15,1,0,0,3
frame_0054.jpg,SM-0-5,1,0,0,1
frame_0054.jpg,SM-5-10,1,0,0,2
frame_0054.jpg,SM-10-15,1,0,0,3
frame_0054.jpg,SF-15+,1,0,0,3
frame_0054.jpg,SM-15+,1,0,0,3
frame_0055.jpg,PF-0-5,0,0,0,1
frame_0055.jpg,PM-5-10,0,0,0,2
frame_0055.jpg,SF-10-15,0,0,3,1
frame_0055.jpg,EF-0-5,0,0,0,1
frame_0055.jpg,EM-5-10,0,0,0,2
frame_0055.jpg,SM-10-15,0,0,3,1
frame_0055.jpg,PF-5-10,0,0,0,2
frame_0055.jpg,PM-10-15,0,0,0,3
frame_0055.jpg,SF-0-5,0,0,3,2
frame_0055.jpg,SM-5-10,0,0,3,1
frame_0055.jpg,EF-5-10,0,0,0,1
frame_0055.jpg,EM-0-5,0,0,0,2
frame_0055.jpg,SF-5-10,0,0,2,1
frame_0055.jpg,SM-0-5,0,0,2,1
frame_0055.jpg,EF-10-15,0,0,0,1
frame_0055.jpg,EM-10-15,0,0,0,2
frame_0055.jpg,SF-15+,0,0,3,1
frame_0055.jpg,SM-15+,0,0,3,1
frame_0055.jpg,EF-15+,0,0,0,2
frame_0055.jpg,EM-15+,0,0,0,2
frame_0055.jpg,PF-15+,0,0,0,3
frame_0055.jpg,PM-15+,0,0,0,3
frame_0056.jpg,PF-0-5,0,0,0,1
frame_0056.jpg,PF-5-10,0,0,0,1
frame_0056.jpg,PF-10-15,0,0,0,2
frame_0056.jpg,PM-0-5,0,0,0,2
frame_0056.jpg,PM-5-10,0,0,0,2
frame_0056.jpg,PM-10-15,0,0,0,1
frame_0056.jpg,EF-0-5,0,0,0,2
frame_0056.jpg,EF-5-10,0,0,0,2
frame_0056.jpg,EF-10-15,0,0,0,2
frame_0056.jpg,EM-0-5,0,0,0,2
frame_0056.jpg,EM-5-10,0,0,0,2
frame_0056.jpg,EM-10-15,0,0,0,2
frame_0056.jpg,SF-0-5,0,0,0,2
frame_0056.jpg,SF-5-10,0,0,0,2
frame_0056.jpg,SF-10-15,0,0,0,2
frame_0056.jpg,SM-0-5,0,0,0,2
frame_0056.jpg,SM-5-10,0,0,0,2
frame_0056.jpg,SM-10-15,0,0,0,2
frame_0056.jpg,SM-15+,0,0,0,2
frame_0057.jpg,PF-0-5,0,0,0,0
frame_0057.jpg,PM-5-10,0,0,0,0
frame_0057.jpg,SF-10-15,0,0,0,0
frame_0057.jpg,EF-0-5,0,0,0,0
frame_0057.jpg,EM-5-10,0,0,0,0
frame_0057.jpg,SM-10-15,0,0,0,0
frame_0057.jpg,PF-10-15,0,0,0,0
frame_0057.jpg,PM-10-15,0,0,0,0
frame_0057.jpg,SF-5-10,0,0,0,0
frame_0057.jpg,SM-5-10,0,0,0,0
frame_0057.jpg,EF-10-15,0,0,0,0
frame_0057.jpg,EM-10-15,0,0,0,0
frame_0057.jpg,SF-15+,0,0,0,0
frame_0057.jpg,SM-15+,0,0,0,0
frame_0057.jpg,EF-15+,0,0,0,0
frame_0057.jpg,EM-15+,0,0,0,0
frame_0057.jpg,PF-15+,0,0,0,0
frame_0057.jpg,PM-15+,0,0,0,0
frame_0057.jpg,SF-0-5,0,0,0,0
frame_0057.jpg,SM-0-5,0,0,0,0
frame_0057.jpg,EF-5-10,0,0,0,0
frame_0057.jpg,EM-0-5,0,0,0,0
frame_0058.jpg,PF-0-5,0,0,0,0
frame_0058.jpg,PF-5-10,0,0,0,0
frame_0058.jpg,PF-10-15,0,0,0,0
frame_0058.jpg,PF-15+,0,0,0,0
frame_0058.jpg,PM-0-5,0,0,0,0
frame_0058.jpg,PM-5-10,0,0,0,0
frame_0058.jpg,PM-10-15,0,0,0,0
frame_0058.jpg,PM-15+,0,0,0,0
frame_0058.jpg,EF-0-5,0,0,0,0
frame_0058.jpg,EF-5-10,0,0,0,0
frame_0058.jpg,EF-10-15,0,0,0,0
frame_0058.jpg,EF-15+,0,0,0,0
frame_0058.jpg,EM-0-5,0,0,0,0
frame_0058.jpg,EM-5-10,0,0,0,0
frame_0058.jpg,EM-10-15,0,0,0,0
frame_0058.jpg,EM-15+,0,0,0,0
frame_0058.jpg,SF-0-5,0,0,0,0
frame_0058.jpg,SF-5-10,0,0,0,0
frame_0058.jpg,SF-10-15,0,0,0,0
frame_0058.jpg,SF-15+,0,0,0,0
frame_0058.jpg,SM-0-5,0,0,0,0
frame_0058.jpg,SM-5-10,0,0,0,0
frame_0058.jpg,SM-10-15,0,0,0,0
frame_0058.jpg,SM-15+,0,0,0,0